StudentID,Name,Gender,AttendanceRate,StudyHoursPerWeek,PreviousGrade,ExtracurricularActivities,ParentalSupport,FinalGrade,Study Hours,Attendance (%),Online Classes Taken
529.0,Sofia Smith,Male,73.9,17.3,89.4,1.0,Low,82.2,2.6,44.5,False
915.0,Harper Martinez,male,78.5,16.0,85.5,0.0,High,81.0,4.0,88.7,True
588.0,Alex Williams,Male,,19.1,68.2,1.0,Medium,81.4,1.4,88.2,False
32.0,Liam Garcia,Male,81.8,11.8,63.5,1.0,High,80.0,-8.0,74.5,True
137.0,Ethan Harris,Female,85.2,23.4,69.9,1.0,HIGH,81.4,4.1,80.5,False
731.0,,Female,89.3,7.5,87.0,1.0,Low,71.1,-0.3,98.7,False
299.0,Ava Jackson,Male,71.7,20.5,79.8,1.0,Medium,88.2,4.1,63.2,True
947.0,Charlotte Jones,,84.9,20.3,68.6,3.0,high,95.0,1.3,82.1,True
399.0,Ava Smith,male,85.9,14.0,70.1,1.0,medium,82.0,-7.4,122.8,False
598.0,Emily Harris,FEMALE,63.9,13.2,83.6,2.0,Medium,71.0,2.8,90.1,True
952.0,Sophia Perez,Female,97.8,3.9,73.4,1.0,High,75.6,3.0,148.8,True
,Noah Moore,Female,81.1,11.9,62.5,1.0,High,89.9,2.0,45.1,False
335.0,Mia Martin,female,63.5,22.6,57.3,1.0,high,69.2,3.6,135.2,True
553.0,Jackson Jackson,Male,88.6,13.5,83.2,0.0,Medium,73.2,1.7,52.0,False
895.0,Matthew Jones,Male,70.1,13.9,62.7,3.0,Medium,65.2,3.4,66.4,False
650.0,Elizabeth Lewis,Male,84.1,11.1,,0.0,MEDIUM,71.4,3.2,70.8,True
637.0,Noah Jones,male,90.7,24.0,81.6,0.0,Medium,82.0,3.3,81.9,True
297.0,Elizabeth Davis,Male,99.1,19.8,72.6,1.0,high,88.8,6.3,83.1,False
808.0,Michael Moore,Male,79.9,15.8,79.1,1.0,Medium,79.8,2.2,94.5,False
409.0,David Smith,Male,78.3,16.4,78.8,0.0,Medium,83.0,2.3,105.5,False
942.0,Benjamin Davis,female,91.8,20.9,69.4,1.0,Medium,85.0,5.1,79.4,True
583.0,Michael Jackson, Male ,100.0,10.7,74.6,1.0, High ,79.7,-0.8,44.6,False
60.0,Daniel Martinez,male,62.7,5.7,82.9,2.0, Medium ,78.8,-4.8,68.8,
169.0,James Allen,FEMALE,85.8,,89.7,1.0, Medium ,82.5,2.2,91.1,True
395.0,Abigail Miller,Male,86.8,11.1,76.1,1.0,Low,68.0,2.4,67.1,False
784.0,Michael Young,Female,91.4,17.5,66.0,0.0,Low,68.4,3.3,69.0,True
744.0,Ava Smith,female,88.0,22.6,100.0,1.0,medium,96.2,3.4,73.2,False
140.0,Mia Martin,Male,71.3,22.2,91.8,2.0,Medium,90.5,0.9,67.6,False
603.0,Matthew Ramirez,Female,84.7,30.8,67.2,2.0,Low,91.8,2.3,80.4,False
245.0,Ethan Robinson,,84.4,17.3,81.3,1.0,High,78.5,0.2,33.9,True
661.0,Olivia Perez,Male,87.6,18.0,67.3,1.0,Low,72.3,2.4,109.8,False
482.0,Jackson Smith,Female,82.9,23.6,71.3,0.0, Medium ,76.9,2.0,105.6,False
87.0,Alex Ramirez,Female,64.2,14.1,94.3,1.0,,,3.1,47.4,
802.0,Sophia Moore,,74.2,9.4,88.4,0.0,High,,-5.4,150.5,True
334.0,Jackson Ramirez,Female,79.0,12.9,83.7,1.0,HIGH,,0.3,96.9,False
260.0,Harper Ramirez,Female,68.6,9.5,78.4,0.0,,77.6,1.7,52.2,
406.0,Amelia Jones,,83.6,8.5,61.9,0.0,Low,68.9,3.8,92.2,False
108.0,Evelyn Walker,male,83.6,18.6,60.7,1.0,Medium,69.6,3.4,110.5,False
363.0,Liam Wilson,Female,94.2,20.1,74.2,1.0,High,97.1,0.5,103.1,True
965.0,David Ramirez,Female,83.0,32.9,63.0,1.0,Medium,84.9,2.0,97.1,False
211.0,Noah Perez,FEMALE,81.1,20.1,80.9,2.0,high,85.1,1.1,98.6,False
232.0,Elizabeth Sanchez,MALE,66.3,9.8,74.0,1.0,High,68.6,1.6,88.0,True
930.0,Harper Young,Female,81.6,12.9,94.2,2.0,Medium,85.5,0.8,114.0,False
347.0,Charlotte Lewis, Male ,86.8,26.4,65.0,2.0,High,95.8,3.1,66.7,True
537.0,Mia Jones,Male,85.0,,87.1,0.0, Medium ,83.8,0.6,61.4,True
97.0,Noah Lewis,,74.7,3.4,72.5,2.0,Medium,71.5,2.5,92.8,True
77.0,Sophia Harris,Male,89.5,10.8,86.3,1.0,MEDIUM,71.8,4.1,73.3,False
345.0,Sofia Garcia,Female,82.9,10.9,,1.0, Medium ,77.2,1.8,57.4,False
310.0,Michael Lewis,Female,100.0,20.6,,0.0,High,90.8,1.4,71.8,True
658.0,Ethan Robinson,MALE,83.1,15.1,86.7,1.0,HIGH,86.8,-7.8,81.8,False
998.0,James Allen,,76.0,10.3,71.8,,MEDIUM,76.7,3.1,54.0,False
899.0,Alex Sanchez,Female,94.1,9.9,69.6,2.0,medium,94.4,3.9,30.2,True
621.0,Mia Davis,Female,86.1,13.2,88.3,1.0,High,85.7,2.9,95.4,False
855.0,Ava Brown,Female,87.0,22.5,74.7,0.0,High,84.3,1.4,82.3,True
11.0,Amelia Rodriguez,male,,13.2,56.5,0.0,Medium,70.6,-5.7,67.7,True
900.0,Ethan Wilson,MALE,97.7,17.0,98.5,2.0,Medium,88.5,5.3,77.0,False
329.0,,male,85.0,12.5,96.4,0.0, Low ,81.5,3.2,94.6,False
704.0,Olivia Garcia,Female,88.3,20.1,58.9,3.0,Medium,75.5,-6.8,42.0,False
278.0,Emily Clark,male,80.1,14.6,93.5,1.0,High,77.5,2.8,110.6,False
291.0,Jackson Davis,Male,74.3,18.3,71.6,2.0,HIGH,75.5,4.4,79.9,True
199.0,James Ramirez,female,,14.9,64.1,1.0,MEDIUM,82.9,1.8,91.2,False
324.0,Sofia Robinson,Female,72.2,22.4,91.2,0.0,Medium,85.8,3.3,94.7,False
891.0,Alex Garcia,Male,88.5,16.4,72.6,0.0,Medium,81.8,2.7,74.3,True
533.0,Emma Walker,Female,84.3,,71.3,,MEDIUM,80.0,3.3,51.6,False
31.0,Mia Moore,FEMALE,75.8,20.9,60.5,1.0,Low,70.6,2.3,82.1,False
782.0,Evelyn Wilson,Female,73.9,10.9,64.8,2.0,High,74.0,0.5,59.1,False
897.0,Amelia Lee,Female,83.5,12.3,85.1,2.0,High,80.8,-0.3,68.5,False
55.0,Lucas Williams,Female,65.2,,79.3,0.0,MEDIUM,74.0,4.0,101.7,True
24.0,Sofia Lewis,female,85.3,15.8,90.7,3.0,Medium,85.2,1.7,38.5,True
71.0,Emily White,Male,87.6,22.9,93.7,0.0,Medium,83.6,1.5,95.7,False
448.0,David Young,female,83.5,16.1,62.4,0.0,High,85.7,3.0,58.9,False
4.0,Mia Robinson,male,86.6,8.9,58.4,2.0,MEDIUM,73.3,2.9,78.4,False
248.0,,Male,84.6,0.0,82.2,1.0,High,64.5,1.3,70.7,False
889.0,John Johnson,Male,,19.2,79.9,2.0,High,92.7,1.3,95.4,False
827.0,Daniel Brown,male,89.0,7.8,66.4,,low,80.4,2.5,98.3,False
515.0,David Davis,Male,68.6,16.7,67.0,1.0,MEDIUM,,4.4,101.9,False
486.0,Liam Lewis,Male,64.0,17.4,74.4,1.0,MEDIUM,,2.9,63.3,False
661.0,Olivia Perez,Male,87.6,18.0,67.3,1.0,Low,72.3,2.4,109.8,False
412.0,Liam Martin,Male,76.4,11.9,62.7,1.0, High ,63.4,2.7,63.2,False
890.0,,Male,89.5,10.5,81.2,,High,81.0,2.6,70.5,False
887.0,Sarah Thompson,Female,80.2,17.5,64.3,0.0,Medium,78.5,2.6,53.6,False
978.0,Harper Wilson,Female,84.8,16.6,84.8,0.0, Medium ,80.1,4.5,125.2,False
,Emily Brown,Male,60.2,14.2,83.4,1.0,Medium,75.7,-2.4,65.0,False
,Lucas Taylor,Female,67.1,24.7,71.7,1.0,Medium,85.9,3.2,72.5,
405.0,Lucas Garcia,MALE,84.9,9.5,54.4,0.0,medium,59.2,2.8,92.7,False
450.0,Ava Brown,Male,86.4,19.3,57.0,0.0,Medium,71.7,1.7,193.6,False
306.0,Emma White,Male,,11.8,89.0,0.0,Medium,77.3,2.6,102.3,False
412.0,Liam Martin,Male,76.4,11.9,62.7,1.0, High ,63.4,2.7,63.2,False
,Harper Johnson,Male,83.0,13.8,91.6,1.0, Medium ,81.4,3.2,65.4,True
40.0,Ethan Ramirez,Male,70.2,23.4,82.1,1.0,Low,90.2,1.8,90.4,False
,Sarah Jackson,Female,72.0,2.4,79.1,1.0,High,72.9,3.5,37.7,False
159.0,Amelia Anderson,Female,85.2,11.4,79.2,2.0,LOW,72.7,3.1,46.6,True
276.0,Lucas Harris,Male,91.1,13.6,69.6,2.0,High,74.7,4.6,72.7,False
287.0,Emma Walker,Female,76.2,22.3,55.0,1.0,Low,68.9,2.5,72.9,False
67.0,,FEMALE,94.0,15.6,79.6,0.0,medium,,2.7,89.5,True
425.0,Benjamin Davis,Male,61.9,16.0,,2.0,HIGH,79.7,2.0,104.0,False
68.0,Isabella Thompson, Female ,,13.8,59.1,0.0,Medium,66.3,1.7,38.7,True
102.0,Olivia Moore,female,83.4,16.3,76.4,1.0,High,81.3,5.1,89.5,False
200.0,David Perez,Male,83.3,18.7,75.1,1.0, Medium ,78.9,3.6,82.9,
790.0,John Sanchez,Female,93.7,,92.6,1.0,LOW,80.2,3.4,49.3,False
559.0,,MALE,87.8,18.3,71.1,4.0,Medium,96.7,1.3,35.3,False
527.0,Sofia Martinez,Male,84.0,17.3,61.5,1.0,Medium,83.2,1.4,139.4,True
888.0,Olivia Taylor, Male ,75.1,17.1,47.9,1.0,High,76.5,4.8,99.7,
618.0,Noah Jackson,Male,82.5,5.6,69.2,1.0,LOW,63.4,4.4,64.5,False
545.0,Jackson Miller,Female,68.0,14.4,92.2,2.0,,80.0,4.6,65.1,True
923.0,Mia Ramirez,Male,66.7,27.3,80.7,2.0,,84.5,2.0,75.9,True
667.0,Amelia Sanchez,Male,100.0,15.7,87.1,1.0, Medium ,97.1,0.7,156.6,False
389.0,Sebastian Robinson,Female,78.2,,85.4,2.0,High,89.4,2.0,106.8,True
255.0,Evelyn Thompson,MALE,71.9,15.2,65.6,2.0,Medium,86.4,2.5,174.3,True
281.0,Ava Sanchez,Female,78.1,10.9,56.0,1.0,Medium,69.9,1.7,71.0,False
449.0,Amelia Sanchez,FEMALE,77.3,8.8,62.5,0.0,HIGH,58.1,2.3,60.5,False
101.0,Jackson Moore,Female,78.1,18.2,83.6,0.0,High,85.5,3.5,86.2,True
89.0,Emily Thompson,MALE,87.5,5.6,65.9,0.0,,77.4,2.6,87.8,True
64.0,Charlotte Harris,Female,80.1,5.2,56.0,1.0,medium,73.3,2.3,79.5,True
842.0,Evelyn Williams,female,73.1,28.4,88.2,2.0,Medium,,3.9,77.3,False
137.0,Ethan Harris,Female,85.2,23.4,69.9,1.0,HIGH,81.4,4.1,80.5,False
883.0,Mia Garcia,female,61.5,26.1,74.0,3.0,,85.2,5.1,92.4,True
433.0,Jackson Garcia,Male,70.6,15.4,46.9,1.0,Low,67.3,1.7,165.5,False
614.0,,Female,79.4,20.6,92.0,1.0, High ,94.1,3.3,67.9,False
939.0,Mia Young,Female,75.6,4.9,62.8,1.0,Medium,63.2,2.5,54.5,True
584.0,Sarah Taylor,Female,74.4,13.0,57.7,2.0,LOW,66.3,3.4,82.1,False
214.0,Mia Robinson,Male,86.5,18.9,51.8,1.0,Medium,71.9,0.5,109.6,True
110.0,Abigail Johnson,Male,66.1,18.8,85.2,0.0,Low,68.8,0.9,79.7,True
918.0,Emily Moore,FEMALE,75.0,14.3,73.4,0.0,High,71.0,4.4,67.9,False
216.0,Ava Brown,Male,65.8,18.2,98.7,0.0,Medium,82.5,2.0,70.8,False
953.0,Ethan Williams,Female,65.0,16.8,84.0,0.0,High,82.9,3.6,71.6,True
517.0,Sebastian Moore,Female,63.1,11.3,78.8,1.0,Low,78.9,2.6,75.7,True
756.0,Mia Martinez,female,82.1,18.8,91.6,3.0,medium,93.5,1.6,85.0,False
311.0,Evelyn Jackson, Male ,77.5,21.8,69.7,1.0,Low,79.3,1.4,78.7,True
665.0,Harper Jackson,Male,81.7,17.5,84.0,0.0,high,92.2,1.1,75.1,True
993.0,Olivia Rodriguez,male,87.4,27.6,58.9,2.0,Medium,88.4,-0.7,71.8,True
752.0,Emma Robinson,Male,,15.6,78.6,0.0,Medium,100.0,5.7,93.3,True
,Olivia Taylor,Male,82.9,27.0,81.6,1.0,Low,,-3.6,69.4,False
308.0,Henry Davis,MALE,90.4,26.5,80.4,1.0,High,,3.0,80.2,False
524.0,Jackson Jones,Male,79.5,17.6,58.6,0.0,medium,74.0,4.4,57.8,True
581.0,Alex Rodriguez,Male,91.2,23.6,76.1,2.0,high,89.5,2.9,82.1,True
560.0,Elizabeth Lewis,female,86.8,3.7,75.1,0.0,low,64.6,3.6,54.6,False
674.0,Alex Sanchez,MALE,85.2,12.3,74.1,0.0, High ,77.8,1.3,92.1,False
966.0,Harper Sanchez,female,93.3,18.3,83.7,0.0,MEDIUM,94.1,2.3,65.4,False
762.0,Henry Taylor,Male,74.3,16.5,81.5,1.0,Low,72.2,0.9,79.5,False
600.0,, Male ,71.1,14.1,73.8,1.0,Medium,80.2,2.1,68.7,False
313.0,Michael Clark,FEMALE,69.0,14.5,80.0,1.0,MEDIUM,73.2,4.3,44.0,False
514.0,Jackson Martinez,Female,99.0,12.5,95.4,0.0,,84.3,1.3,92.8,False
532.0,Emma Smith,Female,87.5,25.8,62.6,2.0,High,91.5,1.0,78.4,True
209.0,Noah Rodriguez,MALE,84.8,15.9,54.2,2.0,Medium,72.9,2.7,92.9,False
487.0,James Jones, Male ,74.5,25.6,90.7,0.0,Medium,87.7,3.6,94.6,False
865.0,Elizabeth Lewis,Male,58.2,21.5,63.8,2.0,High,92.3,2.1,74.3,
686.0,Jackson Jackson,Male,75.1,18.2,52.9,3.0,Low,79.6,3.6,140.0,False
974.0,Lucas Wilson,Female,83.0,16.6,79.5,1.0, High ,78.3,1.8,99.5,False
540.0,John Perez,Male,100.0,14.0,60.0,3.0,High,93.1,1.4,108.3,True
56.0,Sarah Allen,Male,84.1,,71.3,0.0,Low,76.6,2.1,157.9,False
121.0,Mia Smith, Female ,93.9,10.1,82.7,0.0,Medium,80.1,1.4,87.9,False
821.0,John Martinez,Female,94.4,26.5,91.9,1.0,LOW,96.0,3.9,68.6,True
26.0,Evelyn Johnson,Male,73.9,15.3,88.0,0.0,Medium,78.0,1.2,68.8,True
73.0,Mia Sanchez,Male,91.8,17.5,,1.0,Medium,83.5,1.5,89.1,True
997.0,Amelia Martin,Male,92.0,17.4,67.5,3.0,LOW,72.6,2.9,76.7,True
45.0,Alex Harris,Male,79.9,23.3,76.9,2.0,Medium,84.8,-0.4,91.4,True
709.0,Lucas Davis,Female,74.6,10.5,73.9,0.0,Low,63.3,0.3,91.5,
757.0,Matthew Wilson,Female,82.1,8.1,89.5,3.0,MEDIUM,78.1,3.5,55.2,False
907.0,Benjamin Rodriguez,FEMALE,93.2,16.2,80.4,1.0,HIGH,81.1,0.9,88.4,True
351.0,Amelia Johnson,FEMALE,62.5,12.2,78.2,1.0,low,71.5,1.0,70.4,False
604.0,Emma Martinez,Female,85.8,17.0,67.5,0.0,high,81.5,1.0,31.2,False
,Sofia Thompson,FEMALE,73.5,18.5,79.5,0.0,Medium,74.6,3.4,60.5,False
262.0,Olivia Walker,female,68.0,23.7,83.4,2.0,Medium,,0.4,74.1,False
372.0,Evelyn Wilson,FEMALE,82.6,21.9,100.0,1.0,Medium,88.2,3.7,63.3,False
970.0,,Female,100.0,20.8,,3.0,Medium,77.6,3.5,53.0,True
657.0,Matthew Lewis,Male,82.6,12.0,88.5,1.0,,85.6,0.7,140.0,True
175.0,Daniel Smith,Male,84.8,22.8,72.9,1.0,Medium,90.9,2.9,96.0,False
589.0,Elizabeth Lewis,FEMALE,83.0,21.3,72.9,0.0,High,79.3,3.9,71.8,False
737.0,Abigail Jackson,Female,80.2,8.2,78.4,1.0,High,80.8,0.6,67.8,False
969.0,Sofia Lewis,Female,81.8,27.3,72.7,2.0, High ,87.9,1.8,70.7,False
723.0,Elizabeth Thompson,Male,63.4,11.7,58.0,3.0,High,69.6,0.8,76.6,False
210.0,Emily Young,Male,75.0,12.1,76.6,0.0, High ,79.6,0.4,100.1,False
964.0,Liam Ramirez,male,77.6,10.1,66.7,0.0,Medium,71.1,6.1,59.4,False
61.0,Sofia Clark,FEMALE,69.3,14.7,66.3,1.0,Medium,70.8,4.8,85.5,False
480.0,Michael Taylor,Male,74.0,11.5,92.8,0.0,Medium,81.2,2.3,70.0,True
494.0,Ethan Martinez,Female,75.5,0.9,70.1,1.0,High,56.5,-0.2,114.6,True
959.0,Charlotte Thompson,Female,88.2,16.8,79.4,0.0,Medium,78.4,1.9,81.0,False
465.0,John Lewis,Male,81.4,11.9,75.2,1.0,Medium,77.5,4.5,85.1,True
421.0,Sofia Young,Male,89.2,17.8,,4.0,Medium,84.0,2.8,21.1,False
717.0,Amelia Thompson,Male,86.8,,79.9,1.0,Low,75.5,1.8,50.0,True
606.0,Henry Robinson,Female,80.3,16.0,80.0,0.0,Medium,79.2,2.5,56.7,False
535.0,Harper Ramirez,Female,82.9,13.1,,1.0,MEDIUM,,0.5,88.7,False
,Noah Walker,Male,93.2,13.4,88.1,1.0,,85.9,4.7,81.9,True
320.0,Emily Anderson,,96.6,9.9,52.4,0.0,Medium,62.9,3.3,61.1,False
909.0,Isabella Johnson,MALE,73.2,17.8,73.4,1.0,Medium,75.5,4.4,62.4,
257.0,Daniel Miller,Female,76.2,16.7,84.2,0.0, Medium ,85.2,2.7,49.8,True
,,Male,97.8,12.3,83.9,,Medium,83.6,4.4,79.8,True
676.0,,FEMALE,78.5,9.3,67.7,4.0,Medium,74.2,3.1,82.9,False
281.0,Ava Sanchez,Female,78.1,10.9,56.0,1.0,Medium,69.9,1.7,71.0,False
111.0,Ava Perez,male,82.3,29.6,83.7,2.0,Medium,89.3,2.3,111.5,False
719.0,Noah Taylor,Female,88.0,19.8,49.8,2.0,MEDIUM,67.7,4.6,82.4,False
786.0,Harper Davis,Male,75.8,18.0,74.7,1.0,Low,65.3,1.6,36.3,False
356.0,Charlotte Moore,MALE,77.4,12.8,66.2,2.0,Medium,71.6,3.3,67.7,False
768.0,Lucas Moore,Female,87.8,15.6,98.4,0.0,High,81.1,3.6,54.2,False
,Noah Perez,FEMALE,56.0,7.9,82.6,0.0,High,77.5,2.5,104.2,True
,Emily Allen,MALE,93.1,9.4,73.0,0.0,Low,84.2,2.7,78.3,False
520.0,Harper Thomas,female,86.9,29.8,84.3,1.0,Low,88.4,2.8,81.6,False
424.0,Harper White,FEMALE,83.0,22.8,89.8,0.0, Medium ,89.6,2.2,62.8,False
550.0,,Male,88.3,20.4,89.0,2.0,medium,100.0,-2.9,69.7,False
753.0,Alex Perez,Female,94.9,,81.6,,high,96.8,3.6,81.0,False
443.0,Michael Young,male,88.0,22.1,56.7,2.0,Medium,66.9,0.9,80.1,True
238.0,Benjamin Brown, Male ,100.0,16.9,73.0,0.0,Medium,78.6,2.8,70.3,True
742.0,Matthew Sanchez,,80.2,23.0,51.1,2.0,Medium,78.0,3.1,48.0,True
138.0,,Male,84.4,17.7,68.1,2.0,High,85.5,4.2,86.3,True
781.0,Sebastian Johnson,Male,94.3,22.7,75.4,0.0,Medium,75.0,2.4,158.4,False
755.0,Henry Perez,FEMALE,,22.1,73.6,0.0,Low,77.9,1.2,51.6,False
290.0,Lucas Perez,MALE,90.9,20.5,90.6,1.0,Medium,98.5,1.3,81.6,False
900.0,Ethan Wilson,MALE,97.7,17.0,98.5,2.0,Medium,88.5,5.3,77.0,False
261.0,Emily Davis,,92.5,17.1,75.6,0.0,low,77.4,4.0,68.7,True
766.0,Emily Young,Female,84.3,12.4,80.0,2.0,MEDIUM,74.8,4.4,76.3,True
300.0,John Smith,Female,82.7,21.2,53.6,1.0,MEDIUM,82.2,2.0,57.8,True
219.0,Mia Ramirez,Male,74.7,5.4,66.8,4.0,Medium,70.2,3.4,85.4,False
788.0,Daniel Williams,,74.6,7.9,81.0,1.0,High,78.3,-2.7,72.7,False
429.0,John Rodriguez, Female ,66.4,13.6,71.9,1.0,Low,69.0,-1.3,61.0,False
627.0,James Lee,female,81.0,9.0,65.2,1.0,Low,64.1,2.0,45.2,True
729.0,Lucas Thomas, Female ,100.0,13.9,66.3,1.0,High,76.0,3.3,93.9,False
366.0,Amelia Smith,MALE,88.7,15.3,71.9,,High,74.1,2.6,78.8,False
79.0,Henry Taylor,Male,72.7,19.7,85.4,0.0,medium,70.2,1.5,118.7,False
30.0,Mia Wilson,Male,83.8,16.0,72.2,0.0,High,94.6,2.2,82.6,True
295.0,,Female,93.0,22.5,72.3,0.0,High,92.8,4.7,62.5,True
478.0,John Anderson,Male,70.4,24.5,,2.0,Medium,93.0,1.0,80.6,False
549.0,Amelia Moore,Male,93.9,14.4,64.9,0.0,High,,2.5,78.3,False
656.0,Amelia Miller,female,79.4,20.5,67.7,1.0, Medium ,81.8,3.0,75.2,True
924.0,Emma Thomas,Female,76.8,12.0,66.7,1.0,HIGH,,0.1,50.0,False
166.0,Jackson Brown,Female,93.3,15.1,99.3,1.0,Medium,93.3,2.1,70.3,False
815.0,Emily Robinson,male,83.3,4.5,79.7,2.0,Medium,70.7,2.7,74.4,False
179.0,Sofia Davis,Female,82.1,20.0,77.8,3.0,Medium,71.4,2.9,91.3,True
483.0,Noah Rodriguez,Male,69.7,16.1,64.9,1.0,Medium,75.9,4.3,93.6,True
66.0,Sophia Anderson,female,92.8,20.1,93.8,1.0,Medium,91.8,1.5,89.1,False
,Liam Wilson,Female,93.3,24.5,100.0,0.0,Low,88.0,3.6,115.9,True
495.0,Ava Taylor,MALE,84.2,3.2,75.3,2.0,HIGH,74.8,-0.9,48.6,False
,Sophia Taylor,Male,84.7,11.3,70.5,1.0,Low,63.2,4.2,191.2,False
,Sofia Ramirez,Female,54.4,21.6,66.3,1.0,Medium,65.0,0.8,68.8,False
779.0,Ava Martinez, Male ,73.0,21.5,74.1,1.0,Medium,78.0,3.2,87.4,False
328.0,Sarah Williams,Male,66.1,15.7,75.5,1.0,Low,66.6,0.3,85.7,True
678.0,Alex Taylor,Female,90.5,22.4,77.4,1.0,Medium,86.8,3.4,73.1,False
434.0,Michael Martin,male,60.4,12.0,62.3,1.0, Low ,56.8,3.2,84.9,True
746.0,James Allen,Male,79.1,13.9,71.9,1.0,medium,80.0,2.6,47.5,False
836.0,Emily Jones,Female,91.3,19.7,80.4,,Medium,,1.9,77.9,True
,Mia Martin,Male,71.7,14.7,81.7,0.0, Low ,74.6,2.5,69.3,True
,Isabella Williams, Female ,63.5,14.1,88.9,0.0,Low,71.9,2.5,55.3,
236.0,Abigail Wilson,Female,86.1,21.7,65.5,1.0,Medium,79.0,2.1,83.4,False
322.0,Michael Rodriguez,male,83.0,12.0,52.8,0.0,Medium,59.1,3.5,81.8,False
193.0,Ethan Garcia,Male,87.4,23.7,85.2,0.0,High,84.1,1.8,25.0,False
319.0,David Thomas,Female,70.8,18.8,74.1,1.0,Medium,76.4,2.2,39.6,False
50.0,Emily Brown, Female ,,14.2,62.6,0.0,High,87.0,3.9,89.2,False
741.0,Jackson Taylor,Male,76.6,12.6,65.3,0.0,Low,66.3,0.8,94.3,False
3.0,Evelyn Martin,Male,73.5,15.1,59.2,1.0,Low,69.1,3.0,60.4,True
555.0,Charlotte Thomas,female,97.9,21.9,77.1,1.0,HIGH,,1.4,185.4,False
446.0,Evelyn Johnson,Female,,16.2,100.0,0.0,Medium,92.9,-0.7,102.3,True
920.0,Evelyn Jackson, Male ,81.1,14.3,59.1,0.0,,66.1,2.5,77.2,False
250.0,Sarah Allen,Male,80.4,15.3,71.7,1.0,medium,80.3,2.4,68.0,True
760.0,Abigail Lee,Male,67.1,22.0,70.4,1.0,HIGH,83.8,4.7,71.9,False
362.0,Sebastian Williams,Female,89.7,17.8,89.8,1.0,High,85.1,1.9,45.4,True
637.0,Noah Jones,male,90.7,24.0,81.6,0.0,Medium,82.0,3.3,81.9,True
963.0,Elizabeth Jones,Female,97.5,22.4,57.9,2.0,High,87.7,3.2,74.3,False
34.0,Henry Martinez,female,71.3,11.4,77.9,0.0,Medium,76.5,5.7,21.0,False
205.0,Mia Thompson,Male,93.9,13.5,73.0,1.0,high,83.1,0.4,67.6,False
534.0,Ava Garcia,MALE,91.7,30.3,66.7,2.0,Medium,100.0,2.1,75.3,False
685.0,Olivia Wilson,female,74.8,13.6,92.0,4.0,Low,89.6,0.8,28.0,False
747.0,Amelia Allen,Male,77.4,18.9,75.1,0.0,Low,74.2,2.4,44.4,False
78.0,Liam Jones,MALE,65.1,6.3,71.0,1.0,Medium,71.1,3.0,89.3,
85.0,Ethan Miller,Male,95.6,15.7,71.8,,HIGH,78.9,0.8,56.5,False
383.0,David Wilson,FEMALE,90.8,19.5,78.6,1.0,,84.7,0.2,61.8,False
83.0,Emma Young,Male,84.4,14.1,73.2,3.0,Medium,71.5,2.0,65.3,False
381.0,John Allen,Male,76.1,15.0,58.4,3.0,MEDIUM,73.3,4.5,109.9,True
430.0,Abigail Clark,Male,87.4,,66.3,0.0,,71.7,3.7,146.9,False
878.0,Matthew Robinson,Female,90.3,18.9,69.3,1.0,High,87.4,3.0,73.6,True
530.0,Sofia Walker,Female,68.4,24.3,64.1,3.0,MEDIUM,75.4,2.4,116.7,False
523.0,Olivia Garcia,Male,82.3,14.8,70.7,1.0,Low,76.0,4.0,88.8,
831.0,Noah Wilson,Female,86.5,14.7,69.7,0.0,MEDIUM,65.5,0.2,68.0,False
293.0,David Thomas,Male,75.4,6.3,72.9,0.0,High,65.0,4.8,74.1,True
6.0,Elizabeth Walker,Male,82.4,11.4,99.8,1.0,Low,74.1,0.7,55.3,False
423.0,Matthew Lee, Male ,,20.5,78.9,1.0,MEDIUM,84.5,2.2,47.1,False
957.0,Benjamin Jackson,Male,74.6,16.7,89.8,1.0,,91.0,3.6,60.9,True
98.0,Daniel Sanchez,Female,89.7,21.0,79.9,0.0,medium,82.7,1.3,40.8,
282.0,Lucas Sanchez,Male,96.8,19.9,65.9,0.0,medium,82.4,1.4,81.0,True
645.0,Emily Brown,Male,79.2,15.6,70.8,0.0,medium,66.2,2.4,68.9,
884.0,Emma Lewis,Male,80.1,20.7,69.2,0.0,High,83.0,4.1,72.9,False
267.0,Mia Johnson,female,72.6,10.6,,1.0,High,84.9,-3.9,52.4,False
440.0,Isabella Young,Male,71.2,,,0.0,Low,84.0,6.5,74.1,True
592.0,Sofia Wilson,male,69.8,10.4,,1.0,High,66.3,2.1,86.7,False
787.0,John Garcia,Male,,10.9,77.6,1.0,HIGH,84.8,1.0,74.5,True
663.0,Sarah Garcia,Male,73.9,20.1,,1.0,low,69.1,2.0,20.0,True
892.0,Abigail Davis,Female,88.2,18.5,61.2,2.0,High,81.5,3.9,74.3,False
119.0,Noah Harris,Female,59.9,,81.7,2.0,Medium,81.7,2.9,66.0,True
848.0,Sarah Martin,Male,82.1,20.2,100.0,2.0,Medium,90.8,4.0,85.8,False
251.0,Olivia Davis,Female,76.2,15.7,80.6,0.0,High,80.0,2.4,96.3,False
358.0,Sebastian Jones,MALE,91.3,20.7,77.2,2.0,Low,77.3,2.2,88.5,True
451.0,David Rodriguez,Female,74.2,13.1,91.2,1.0,high,81.4,4.1,55.7,False
10.0,Alex Jackson,Female,64.3,16.1,86.2,2.0, Medium ,73.0,1.9,53.8,True
197.0,James Harris,Male,85.9,17.6,72.2,1.0,medium,85.8,1.9,68.3,True
617.0,Noah Clark,Female,81.7,15.9,43.7,0.0, Low ,69.5,4.7,76.7,True
82.0,Mia Allen,male,90.4,18.4,79.2,1.0,Medium,93.2,-0.9,66.7,False
817.0,Sarah Davis,Female,69.2,21.8,84.2,3.0,,86.3,1.8,88.0,False
501.0,Michael Jackson,Female,83.6,8.4,90.7,0.0,Medium,,1.3,85.0,True
893.0,Amelia Robinson,Male,81.6,21.0,76.1,2.0,,81.9,-3.9,78.6,False
240.0,Ethan Johnson,Female,84.0,10.8,60.3,0.0,Medium,77.8,3.1,73.8,False
307.0,Sophia Davis,Male,69.8,5.1,86.1,0.0,LOW,74.7,-1.9,84.8,False
212.0,Abigail Clark,Female,66.0,24.6,81.3,1.0,High,81.3,0.0,105.9,False
732.0,Benjamin Walker,Female,72.7,11.1,84.9,2.0,Medium,76.5,4.5,76.4,False
378.0,Matthew Sanchez,male,79.4,17.4,73.3,0.0,HIGH,,3.2,96.5,False
591.0,Jackson Sanchez, Male ,89.7,22.0,85.7,3.0,Medium,82.2,2.7,62.2,False
228.0,Harper Allen,Female,84.5,14.6,80.1,0.0,High,85.6,2.9,109.3,False
933.0,Noah Lewis,Male,65.4,11.2,62.1,0.0,MEDIUM,61.9,5.0,60.2,True
536.0,Emma Smith,Female,85.9,11.4,66.9,,High,83.7,0.9,85.1,True
812.0,Sebastian Thompson,Male,71.1,14.0,62.0,1.0,MEDIUM,62.9,3.9,44.4,False
178.0,Emma Garcia, Male ,,14.7,91.0,1.0,Medium,86.8,3.5,28.8,True
789.0,Henry Moore,Male,81.5,21.2,67.5,3.0,High,85.3,2.3,96.6,False
382.0,David Rodriguez,MALE,82.1,22.6,73.9,1.0,High,80.7,2.4,73.6,False
491.0,Sofia Rodriguez,Male,82.6,9.0,66.3,1.0,High,69.6,2.7,103.2,False
332.0,Isabella Harris,female,81.9,15.3,93.6,0.0,medium,86.9,4.0,31.0,False
935.0,Mia Jones,Female,73.1,19.5,61.1,1.0, Medium ,71.1,1.2,109.3,False
8.0,Daniel Jackson,MALE,68.4,23.9,52.2,,High,78.2,4.0,80.2,False
156.0,Evelyn Lee,Male,87.3,11.9,85.3,1.0,Low,71.8,2.3,71.4,False
552.0,Isabella Lewis,Male,99.8,13.9,78.1,1.0,Low,78.2,2.9,86.9,True
868.0,Elizabeth Sanchez,MALE,96.7,16.4,80.7,3.0,HIGH,82.9,2.8,35.7,False
597.0,Harper Thompson,Female,,13.3,85.4,1.0, Medium ,76.6,1.0,70.6,False
916.0,Mia Jackson,Male,57.6,,,1.0,High,55.4,3.2,74.2,False
793.0,Abigail Wilson,Female,88.8,7.6,80.8,0.0,MEDIUM,74.1,3.9,197.4,True
818.0,Michael Davis,female,100.0,3.3,72.1,1.0,Medium,78.4,-0.6,74.9,True
352.0,,Female,62.3,13.8,71.3,2.0,medium,80.7,2.9,39.9,False
590.0,Elizabeth Smith,,70.8,24.5,75.7,, Low ,75.9,0.6,52.5,True
951.0,Alex Walker,Male,73.0,2.8,92.1,0.0,LOW,67.2,1.7,108.8,True
579.0,,Female,72.1,11.0,66.7,2.0,LOW,64.8,1.6,65.1,True
437.0,Harper Taylor,FEMALE,66.5,21.9,58.6,0.0,Medium,80.6,2.1,113.1,True
826.0,Alex Walker,female,85.6,22.1,95.3,2.0,LOW,87.7,4.3,87.6,True
595.0,Sophia Harris,MALE,85.7,13.3,81.9,0.0,High,89.4,3.2,59.3,True
722.0,Sofia Sanchez,FEMALE,84.3,7.0,76.0,0.0,Low,67.3,2.8,88.2,False
,David Anderson,male,71.2,15.2,64.9,1.0,Medium,61.0,6.1,92.0,False
975.0,Emma Martin,MALE,79.6,8.3,97.9,1.0,High,85.8,-2.5,92.1,False
229.0,Henry Jones,Male,80.6,23.7,100.0,1.0, Medium ,100.0,2.5,67.4,True
371.0,James Robinson,Male,89.5,10.5,63.4,1.0,High,74.0,4.5,72.5,False
837.0,Jackson Young,Female,100.0,18.7,71.9,0.0,HIGH,91.7,3.6,106.0,True
213.0,Emily Thomas,FEMALE,83.4,13.2,81.8,0.0,medium,70.8,3.1,116.4,False
80.0,Daniel Lewis,male,97.2,19.8,65.2,1.0,low,80.4,2.1,48.2,True
149.0,Jackson White,female,79.8,21.0,84.4,2.0,High,88.3,2.6,104.6,False
303.0,John White,Female,75.7,,78.6,3.0,High,87.4,0.9,79.1,False
353.0,Ava Moore,female,84.7,13.5,68.7,3.0,High,89.4,2.3,95.5,False
343.0,Ethan Brown,Female,79.0,21.2,72.4,1.0,Medium,69.0,2.0,82.9,False
631.0,Matthew Lee,Female,84.0,23.4,100.0,0.0,Medium,,0.9,114.2,True
360.0,Matthew Wilson,Male,79.4,21.1,71.4,0.0,Low,80.0,1.6,73.5,False
940.0,Amelia Miller,Male,87.9,13.0,59.8,3.0,High,79.4,3.3,61.3,True
539.0,Henry Harris,Female,76.7,20.9,67.2,3.0,High,76.0,3.2,62.7,False
134.0,Henry Sanchez, Male ,74.7,20.3,80.4,1.0,medium,89.3,0.1,54.5,False
980.0,Henry Clark,male,80.7,27.6,63.5,3.0,High,85.3,-0.4,75.8,False
312.0,Daniel Wilson,Male,82.7,19.5,58.9,0.0,high,80.7,2.5,65.2,True
811.0,Sarah Davis, Female ,86.2,22.5,59.7,2.0,HIGH,82.2,3.8,113.1,True
853.0,David Thomas,Male,95.7,15.0,75.5,2.0,medium,92.8,4.9,43.7,False
804.0,Sofia Davis,Male,80.1,25.7,85.4,0.0,High,84.8,3.2,58.6,True
,Alex Ramirez,Female,91.6,8.4,76.2,2.0,Medium,87.7,1.7,83.9,
317.0,Abigail Harris,Male,68.5,19.3,64.1,0.0,High,85.4,2.2,95.7,True
721.0,Emma Williams,Female,100.0,10.1,89.5,0.0,high,89.2,4.0,98.0,True
558.0,Sebastian Clark,Female,75.4,22.3,86.6,4.0,High,91.8,4.1,80.6,True
452.0,Sofia Johnson,FEMALE,87.1,27.3,100.0,2.0,high,100.0,1.2,56.2,False
543.0,Olivia Williams,Female,86.3,27.8,78.3,1.0,High,95.2,2.1,51.6,True
500.0,Benjamin Lewis,Female,76.1,27.7,65.1,3.0,HIGH,77.9,0.9,111.0,False
666.0,Daniel Anderson,Female,83.9,19.3,73.9,3.0,High,87.3,5.1,67.1,True
173.0,Emily Anderson, Female ,83.5,15.7,67.2,2.0,LOW,79.3,1.6,46.8,False
126.0,Henry Lewis,Male,65.8,22.0,99.4,2.0,High,96.9,3.8,73.8,True
712.0,Amelia Moore,Male,71.2,20.1,82.3,0.0,High,79.4,4.5,56.6,False
441.0,Charlotte Clark,male,76.5,12.6,82.7,1.0,High,88.5,4.4,66.4,False
653.0,Liam Johnson,FEMALE,91.1,,67.3,1.0,High,87.5,4.5,77.3,False
919.0,Noah Thomas,Female,82.4,10.2,69.3,2.0,LOW,73.0,3.6,51.3,True
91.0,Mia Jackson,female,66.3,5.9,66.1,1.0,Medium,69.6,3.1,84.7,False
989.0,Noah Miller,Female,89.7,12.8,91.8,1.0,,81.3,0.4,67.6,True
182.0,Emma Walker,Male,87.0,15.5,95.0,1.0,High,92.7,-4.2,71.1,True
364.0,Sebastian Miller,MALE,88.4,9.8,72.5,0.0, High ,80.1,4.2,88.2,False
275.0,, Male ,76.8,15.8,75.9,0.0,High,77.6,2.2,119.7,False
911.0,Emily Williams,MALE,71.0,14.5,56.3,0.0,MEDIUM,76.4,0.7,109.6,True
70.0,Lucas Smith,Male,88.2,12.7,73.7,1.0,High,81.4,2.9,25.3,False
292.0,Ava Lewis,male,75.8,13.6,67.4,0.0,HIGH,73.9,2.3,53.8,True
132.0,Henry White,Female,67.9,29.0,91.2,0.0, Low ,92.1,0.1,85.9,True
301.0,,MALE,70.2,11.8,69.7,2.0,High,78.7,3.6,72.4,False
,Amelia Jones,FEMALE,88.2,13.5,55.6,1.0,High,81.6,3.4,97.0,False
327.0,Noah White,male,93.1,16.1,71.0,1.0,Low,81.8,5.9,58.8,False
145.0,Charlotte Martinez,Male,78.9,23.1,75.8,0.0,LOW,75.6,-5.0,42.2,True
577.0,Sofia Martin,Male,77.4,16.8,100.0,4.0,High,91.9,2.5,81.4,False
594.0,Charlotte Smith,Male,100.0,15.5,68.5,2.0,LOW,82.6,1.0,64.0,True
,Jackson Lee,Male,84.0,20.7,81.6,1.0,low,81.8,2.3,174.5,True
136.0,Sophia Johnson,Female,86.5,11.1,,1.0, High ,96.4,4.4,75.1,True
941.0,Daniel Jones,female,77.5,18.4,74.4,2.0,Medium,87.4,1.6,52.6,True
165.0,Benjamin Jackson,Female,83.9,12.7,74.2,0.0,Medium,76.5,2.6,34.9,False
29.0,Henry Martin,female,85.3,24.3,76.1,1.0,High,88.9,2.6,89.9,True
573.0,Ava Sanchez,Female,88.6,8.6,82.0,1.0,Medium,83.6,0.5,90.5,False
194.0,James Harris,Male,78.1,11.0,83.6,2.0,,76.6,4.2,68.1,True
778.0,Michael Jones,FEMALE,81.1,20.4,77.7,1.0,High,92.5,2.7,81.0,True
651.0,Lucas Garcia,,85.9,17.4,81.7,0.0,Medium,81.7,4.6,69.3,False
170.0,John Walker,Female,92.8,15.7,82.6,0.0,MEDIUM,86.9,0.4,31.5,True
881.0,Alex Anderson,Male,96.8,13.9,50.5,1.0,Medium,84.1,4.9,44.3,False
141.0,Charlotte Robinson,Female,81.5,12.7,86.6,0.0,medium,82.0,3.0,64.8,True
174.0,Abigail Garcia,FEMALE,81.8,,73.5,3.0,Medium,82.3,4.3,90.7,False
7.0,Alex Lewis, Male ,69.1,13.4,91.3,4.0,Low,75.7,-0.2,75.7,False
828.0,Sebastian Allen,Female,100.0,22.4,66.8,2.0,Low,94.0,1.2,85.8,True
502.0,Evelyn Davis, Male ,75.6,15.8,91.1,1.0,Medium,84.6,4.5,66.9,True
74.0,Michael Jackson,MALE,70.4,16.9,79.2,1.0,Medium,80.0,-4.4,85.2,False
697.0,Abigail Moore,male,85.3,,79.3,1.0,medium,79.8,2.0,78.7,False
546.0,,Male,93.2,13.2,71.3,2.0,Medium,79.6,0.4,66.6,True
239.0,Sophia Rodriguez,MALE,64.6,18.4,62.3,0.0,Medium,73.4,4.9,29.7,False
146.0,Elizabeth Moore,,,10.6,84.7,0.0,high,74.1,5.0,67.9,False
807.0,Henry Smith,Male,88.1,,65.4,1.0,medium,66.4,3.3,150.1,True
235.0,Lucas Thompson,Female,69.5,24.4,90.4,0.0,Low,83.6,3.4,28.4,True
221.0,Michael Thompson,Female,67.0,23.4,67.4,1.0,Medium,83.7,1.5,128.3,False
498.0,Isabella Clark,FEMALE,70.0,16.7,86.8,1.0,,84.9,4.4,96.2,False
982.0,Abigail Perez,Male,87.7,16.3,49.1,3.0,High,83.9,2.9,72.3,True
133.0,Alex Clark,Female,80.3,18.8,96.6,2.0,Low,88.7,2.1,71.7,True
860.0,Jackson Sanchez,male,79.3,20.6,100.0,3.0, Medium ,87.6,4.4,86.7,True
431.0,Alex Moore,Male,92.2,11.1,60.4,1.0,medium,73.7,4.3,115.6,True
669.0,Sofia Jackson,male,86.2,11.6,72.4,2.0,Medium,75.1,3.2,57.2,True
186.0,Mia Martinez,Male,82.5,15.1,57.3,1.0,Medium,72.1,4.4,84.6,False
42.0,Matthew Lewis,Female,75.8,17.5,90.9,0.0,Low,80.3,2.9,56.6,False
706.0,Henry Lewis,Male,94.5,18.0,78.6,1.0,Low,91.6,0.7,101.1,False
109.0,Lucas Young,MALE,89.3,5.1,80.9,,Medium,88.6,0.4,95.0,False
602.0,Emily Sanchez,Male,99.2,17.2,87.8,1.0,medium,90.0,1.9,77.8,True
57.0,Henry Thomas,FEMALE,74.9,16.1,,2.0,Low,86.5,0.3,39.9,True
426.0,Olivia Ramirez,,84.7,17.8,75.7,2.0,Medium,84.3,5.3,26.3,False
463.0,Matthew Johnson,Male,62.8,8.4,61.8,1.0,High,66.5,3.3,59.1,False
586.0,Sofia Martinez,FEMALE,72.1,13.8,73.2,2.0, Low ,84.8,3.3,72.4,True
967.0,Ethan Anderson,MALE,100.0,18.3,77.0,1.0,High,82.4,1.5,77.6,True
25.0,Emily Ramirez,male,89.8,15.4,85.5,2.0,High,89.1,4.3,56.0,False
77.0,Sophia Harris,Male,89.5,10.8,86.3,1.0,MEDIUM,71.8,4.1,73.3,False
468.0,Harper Anderson, Female ,71.8,17.7,57.9,2.0,medium,78.2,3.8,67.1,False
542.0,Sarah Davis,female,75.3,20.1,85.7,2.0,High,86.1,2.3,64.5,True
632.0,Sophia Robinson,Female,88.3,12.0,75.7,3.0,HIGH,90.5,2.9,73.3,False
708.0,Harper Walker,Male,64.9,12.3,62.7,0.0,,67.3,3.2,82.6,False
943.0,Sofia Robinson, Female ,84.8,11.7,66.8,4.0,Low,76.2,1.8,99.5,False
339.0,Liam Clark,Male,76.4,19.4,85.1,4.0, Low ,85.8,4.5,76.3,False
52.0,Olivia Wilson,MALE,87.5,26.2,58.3,0.0,low,85.3,2.2,20.1,False
384.0,Noah Robinson,Male,67.0,20.4,97.2,0.0,Medium,84.1,4.3,54.1,True
526.0,Sophia Johnson,Male,79.1,13.3,67.5,2.0,HIGH,,5.1,85.4,False
937.0,Emma Anderson,FEMALE,77.6,10.6,75.8,0.0,Low,75.4,6.0,96.3,True
814.0,Ava Moore,Female,91.1,13.7,97.1,2.0,Medium,86.7,3.1,112.0,True
265.0,Charlotte Davis,MALE,93.3,12.5,73.8,2.0,Medium,88.9,-4.2,111.7,True
548.0,Harper Lewis,female,70.9,22.4,80.6,2.0,,83.5,3.9,54.8,True
908.0,Olivia Jones, Female ,78.1,14.3,72.9,3.0,HIGH,72.7,2.0,102.7,False
696.0,Noah White,Male,88.0,11.3,68.3,3.0,High,82.2,0.0,166.6,False
396.0,Sebastian Lee,Female,75.1,25.5,52.5,0.0,low,73.3,2.3,93.1,False
528.0,Emma Jones,,74.3,25.5,80.3,,LOW,74.5,3.4,74.5,True
469.0,Olivia Clark,MALE,90.7,7.9,57.8,2.0,High,73.7,1.8,63.2,False
19.0,Elizabeth Johnson, Female ,78.1,20.6,88.7,2.0,Medium,77.4,3.9,61.9,True
829.0,Elizabeth Perez,FEMALE,91.7,13.6,73.4,,Medium,85.0,3.9,73.3,True
507.0,Amelia Walker,Male,84.4,24.5,63.1,0.0,medium,84.7,3.1,100.5,False
670.0,Michael Harris,FEMALE,92.7,18.2,63.3,1.0,High,79.9,2.5,63.5,False
454.0,John Davis,Male,52.8,2.6,59.2,2.0,HIGH,69.3,1.5,130.1,True
368.0,Sophia Thomas,Male,97.6,27.5,77.8,0.0,LOW,85.5,2.5,76.1,False
84.0,Jackson Martin,female,81.0,20.7,79.9,0.0,High,85.7,3.6,67.4,False
62.0,,female,54.5,26.7,75.5,2.0,Medium,77.8,0.0,90.5,True
994.0,Benjamin Thompson,Female,73.7,20.3,79.9,2.0,High,86.8,1.8,40.4,True
273.0,Emma Walker, Male ,79.9,26.4,100.0,0.0,High,91.5,1.9,75.4,False
286.0,David Johnson,Female,74.3,23.0,70.6,2.0,Low,62.9,3.7,77.7,False
361.0,Elizabeth Williams,Female,60.9,6.8,86.5,1.0, Medium ,69.5,3.8,71.2,False
355.0,Charlotte Miller,Male,83.7,16.0,88.8,0.0,Medium,,2.9,47.3,False
479.0,Evelyn Miller,Male,75.2,13.6,75.8,1.0,MEDIUM,76.2,1.6,82.7,False
279.0,Sarah Smith,Male,73.8,30.7,66.9,3.0,medium,88.8,-0.4,67.2,False
13.0,Matthew Davis,Male,81.9,18.0,88.1,1.0,High,81.0,0.3,58.7,False
183.0,Lucas White,Female,57.9,10.2,73.9,1.0,Medium,70.8,3.6,53.1,True
369.0,John Young,Male,73.2,6.0,77.8,0.0,Medium,79.2,-1.2,106.1,True
514.0,Jackson Martinez,Female,99.0,12.5,95.4,0.0,,84.3,1.3,92.8,False
629.0,,female,75.7,16.9,69.7,2.0, Medium ,75.9,1.6,80.1,True
224.0,Liam Thompson,Male,94.3,11.9,69.6,1.0,HIGH,93.7,2.7,54.5,False
585.0,Benjamin Thompson,Male,68.2,17.2,63.4,3.0,medium,75.1,2.3,72.8,True
713.0,Abigail Robinson,Female,79.0,21.9,75.9,2.0,Low,,4.9,80.5,False
690.0,Emily Williams,Female,83.3,17.4,54.2,0.0,High,70.4,2.7,25.1,False
810.0,Charlotte Young,MALE,77.4,11.1,72.8,1.0,Medium,73.2,6.1,55.2,False
466.0,David Brown, Male ,70.1,,85.7,0.0,,70.4,2.3,61.2,True
,Jackson Jones,Male,87.8,9.2,79.5,1.0,medium,69.9,4.9,87.4,True
622.0,Lucas Smith,,85.9,9.3,85.3,3.0,Medium,80.4,2.2,100.6,True
177.0,Abigail Martinez,MALE,64.3,14.0,71.8,1.0,Low,69.5,-5.1,59.5,True
679.0,Amelia Walker,female,85.2,19.2,62.9,0.0,High,79.6,2.2,54.6,True
715.0,Sofia Thompson,Female,85.4,20.7,62.1,1.0,MEDIUM,84.1,1.2,65.5,True
,Ethan Lewis,Female,76.0,12.0,82.1,0.0,High,78.7,-6.2,92.6,True
457.0,Emma Allen,Female,75.8,25.5,71.2,1.0,Medium,85.3,1.8,52.2,True
531.0,Harper Williams,Female,85.9,19.8,,2.0,Medium,87.2,2.2,84.8,False
394.0,Harper Sanchez,,88.7,17.5,70.8,0.0,,82.2,-1.9,97.0,
164.0,Benjamin Jackson,FEMALE,93.8,17.3,87.6,1.0,low,87.4,3.8,64.9,True
249.0,Emily Martinez,Male,92.2,17.8,73.3,0.0,Low,85.0,2.3,87.1,False
886.0,Matthew Garcia,Male,72.3,14.6,,1.0,Medium,77.4,-0.0,113.1,False
901.0,John Martin,Female,97.7,15.7,79.2,1.0, High ,83.5,3.8,64.5,False
683.0,David Johnson,Male,100.0,14.6,78.4,0.0,Medium,73.3,1.3,95.7,False
376.0,Alex Young,,82.9,15.4,78.4,1.0,High,85.9,-7.7,67.9,False
413.0,Ava Davis,Female,75.8,9.6,69.1,2.0,Medium,77.6,1.3,69.6,False
75.0,Daniel Moore,Female,100.0,15.0,80.7,1.0,medium,76.0,3.6,74.3,True
114.0,Mia Rodriguez,female,81.9,17.1,74.1,0.0, Low ,71.5,2.6,61.5,
582.0,Elizabeth Miller,MALE,88.6,15.3,73.2,2.0,HIGH,82.2,4.4,58.5,True
571.0,David Williams,Female,95.1,15.4,60.3,1.0,High,72.3,2.3,104.9,True
391.0,Matthew Martinez,male,75.6,15.1,82.1,1.0,Medium,90.2,3.6,81.7,True
105.0,Emily Martinez,Female,72.6,22.8,91.6,0.0,Medium,80.9,2.0,86.9,False
115.0,Amelia Garcia,,67.5,15.6,67.7,0.0,Low,64.4,1.3,60.9,False
418.0,Michael Thomas, Male ,100.0,12.8,78.8,1.0,Low,79.5,5.2,86.5,False
496.0,Benjamin Taylor,Male,71.8,9.9,51.0,0.0,MEDIUM,71.7,1.1,88.7,True
458.0,Evelyn Thomas,Female,92.3,27.0,67.2,1.0,medium,75.8,-0.1,94.2,False
410.0,John Rodriguez,Male,84.4,19.4,81.8,2.0,Medium,74.6,2.1,163.6,
93.0,Elizabeth Lewis,FEMALE,76.2,13.4,87.4,1.0,,80.5,3.1,76.1,True
576.0,Isabella Martinez,male,89.4,18.9,76.9,0.0,high,91.7,2.5,59.0,True
90.0,Jackson Jones,Male,86.0,19.0,81.8,1.0, Medium ,80.0,1.6,81.3,False
337.0,David Thompson,Male,78.7,19.4,55.1,2.0,MEDIUM,69.7,2.4,50.1,True
627.0,James Lee,female,81.0,9.0,65.2,1.0,Low,64.1,2.0,45.2,True
938.0,Emma Martin,Female,80.2,14.4,69.4,2.0,High,76.0,1.6,75.6,False
950.0,Ava Martinez, Female ,76.6,15.8,54.6,0.0,Low,63.6,0.7,93.0,True
882.0,Elizabeth Davis,Male,80.1,20.6,88.5,2.0,Medium,90.2,2.9,68.8,True
619.0,Sarah Brown,Female,60.4,8.4,70.3,0.0,medium,59.4,0.9,40.4,True
623.0,Emma Walker,Male,70.5,17.4,75.9,0.0, High ,80.1,-0.2,107.0,
750.0,Emma Harris,Female,77.7,12.7,70.9,1.0,medium,73.5,1.6,73.2,False
95.0,Sebastian Martinez,Male,68.2,18.3,86.1,2.0,MEDIUM,83.8,2.9,84.7,True
12.0,Charlotte Clark, Male ,93.3,13.4,71.4,2.0,High,83.8,1.5,94.2,True
397.0,Sarah Perez,Female,80.3,15.6,61.2,,medium,79.8,2.3,70.0,True
544.0,Olivia Lee,MALE,84.5,6.7,100.0,0.0, Low ,86.6,2.5,153.2,True
44.0,James Anderson,Female,85.3,18.9,60.7,1.0,Medium,71.5,2.6,68.6,False
43.0,,Female,95.3,22.1,82.6,3.0,Medium,96.9,5.4,57.5,False
330.0,Henry Wilson,,92.2,13.3,69.1,1.0,Low,80.5,5.2,162.2,True
168.0,Olivia Anderson,,97.9,24.8,63.9,3.0,Medium,75.0,2.9,84.9,True
417.0,Charlotte Thompson, Female ,89.3,8.1,61.5,1.0,Medium,79.1,2.5,41.8,True
771.0,Evelyn Wilson,Female,,13.3,88.9,2.0,Medium,80.6,6.4,86.5,True
427.0,Elizabeth White,MALE,71.4,19.1,63.2,1.0,Medium,67.0,1.9,119.6,False
946.0,Michael Brown,Male,65.5,8.5,90.2,0.0,High,69.6,3.5,59.2,False
979.0,James Johnson,MALE,92.0,14.3,58.2,1.0,Medium,67.6,5.3,91.9,False
698.0,Harper Jones,,73.9,14.4,91.1,0.0,Medium,79.4,2.1,92.4,True
626.0,Liam Allen,Female,89.8,20.4,74.8,, Medium ,87.7,0.3,66.2,False
258.0,Michael Martin,female,76.7,17.0,80.3,0.0,Low,73.8,-0.1,43.6,True
336.0,Jackson Allen,,78.7,20.1,,0.0,High,88.5,2.1,70.2,False
16.0,Emily Lewis,,80.4,16.2,82.3,0.0, Medium ,75.8,2.5,70.0,False
852.0,Jackson Davis,male,84.8,19.9,75.5,2.0,High,84.9,4.4,80.3,True
325.0,Charlotte Lewis, Female ,88.9,18.3,96.9,0.0,Medium,86.3,2.1,94.3,False
875.0,Daniel Taylor,Male,77.1,16.3,81.9,0.0,,73.8,3.2,101.4,False
223.0,Abigail Young,Male,76.6,22.0,76.6,0.0,Medium,72.6,1.5,87.9,True
180.0,Amelia Smith,male,80.0,12.5,58.8,3.0,HIGH,75.5,2.2,115.1,False
738.0,James Williams,Male,82.1,14.8,55.3,1.0,high,75.8,0.9,127.1,True
522.0,Emma Harris,Male,76.4,25.3,71.9,2.0,Low,78.4,1.0,101.3,True
23.0,Olivia Robinson,FEMALE,83.1,17.3,86.7,1.0,low,79.5,3.7,97.0,True
357.0,Emma Wilson,Male,88.6,7.2,74.2,1.0,Low,83.2,2.9,59.2,False
680.0,David Jackson,Male,94.6,27.8,78.7,2.0,Low,97.0,2.1,111.1,True
877.0,Henry Miller,Female,100.0,14.5,76.8,0.0,Medium,86.7,2.6,40.4,False
,Evelyn Martin,MALE,81.6,14.4,71.2,2.0,High,73.0,1.8,56.5,False
432.0,Matthew Garcia,Female,74.2,18.5,58.0,2.0,Medium,70.1,0.9,82.6,False
934.0,Evelyn Young,Male,85.1,9.7,63.9,2.0,,73.3,4.2,196.6,True
849.0,Jackson Jackson,Male,94.9,9.9,79.0,0.0,,74.4,1.3,71.3,False
204.0,Daniel Sanchez,male,100.0,7.4,78.8,2.0,HIGH,78.6,1.4,66.7,False
644.0,Lucas Lee,MALE,89.7,22.3,97.2,1.0,Medium,99.0,1.5,66.1,True
94.0,Isabella Anderson,Male,78.3,3.5,54.6,2.0,low,58.0,2.6,68.1,False
569.0,Evelyn Walker,MALE,84.1,11.0,73.0,3.0,Low,81.5,3.4,79.9,False
69.0,Alex Wilson,Male,60.7,22.5,56.5,1.0,Medium,72.1,2.0,103.4,True
,Daniel Martin,Male,89.8,9.2,53.8,1.0,,76.3,0.6,65.2,False
285.0,Mia Anderson,Female,88.7,22.1,100.0,1.0,Low,90.7,-0.0,104.8,False
820.0,Charlotte Rodriguez, Female ,62.2,13.6,63.5,0.0,Low,,0.6,32.6,False
435.0,Mia Martinez,Male,,12.0,82.5,1.0,High,76.0,2.5,78.2,False
154.0,Ava Walker,Female,82.8,13.6,69.4,2.0,Medium,87.1,4.2,127.4,True
76.0,Lucas Jones,,72.4,22.3,59.0,0.0,HIGH,69.6,5.1,84.0,False
794.0,Jackson Rodriguez,female,58.2,21.8,53.0,1.0,medium,68.7,2.4,86.0,False
447.0,Sophia Young,Female,82.3,22.9,55.9,1.0,Medium,71.2,0.4,51.0,False
189.0,Noah Martin,Male,80.2,17.7,,1.0, Low ,76.3,2.9,95.6,True
272.0,John Brown,male,81.7,8.2,83.4,2.0,LOW,76.2,0.8,58.3,False
237.0,Evelyn Smith,MALE,77.3,19.0,66.6,2.0,High,,2.8,84.7,True
488.0,Amelia Smith,Male,72.9,18.5,51.4,2.0,MEDIUM,78.2,2.9,98.6,False
118.0,Emma Lee,Female,92.3,10.2,77.2,1.0,High,80.5,0.4,46.7,False
834.0,Emma Williams,Female,77.7,19.3,90.4,1.0,High,83.3,1.9,87.5,False
513.0,Elizabeth Sanchez,FEMALE,83.0,15.8,77.8,1.0,Medium,88.5,2.1,101.7,False
927.0,Henry Wilson,Female,65.9,15.9,71.6,2.0,medium,68.4,-1.0,98.0,False
605.0,Jackson Brown,,78.9,14.3,77.2,3.0,Low,,2.7,55.6,True
127.0,Alex Lewis, Male ,58.6,16.5,62.7,1.0,Medium,62.2,1.4,85.2,False
117.0,Sarah Allen,Female,82.3,11.1,79.1,1.0,Medium,78.2,3.6,84.3,False
474.0,Lucas Miller,,94.9,22.3,88.2,3.0,High,89.8,3.3,60.7,False
707.0,,Female,100.0,10.7,61.3,2.0,High,78.4,4.0,46.8,False
58.0,Emma Clark,female,95.1,24.6,74.3,3.0,Medium,,3.4,110.7,False
688.0,Harper Taylor,FEMALE,91.4,15.3,98.9,1.0,Low,81.5,0.3,73.0,False
928.0,Sophia Brown,Male,88.7,13.0,82.3,2.0,HIGH,97.5,3.3,57.0,False
370.0,Emily Thompson,Male,79.7,31.0,61.5,2.0,Medium,88.4,3.1,133.4,False
269.0,Ethan Young,Male,82.7,27.0,78.4,2.0,Low,87.4,3.3,107.6,False
47.0,Mia Davis,Male,60.9,25.1,72.8,1.0,LOW,82.3,2.9,77.6,False
350.0,Emma Lee,FEMALE,91.6,7.7,79.8,2.0,,67.1,1.8,87.9,False
196.0,Alex Thompson,Female,66.3,12.5,79.2,1.0,HIGH,76.0,-4.4,83.4,True
884.0,Emma Lewis,Male,80.1,20.7,69.2,0.0,High,83.0,4.1,72.9,False
850.0,Ethan Jones,male,84.6,13.3,46.5,0.0,Low,63.3,1.1,98.2,False
705.0,Michael Walker,MALE,88.0,,72.3,1.0,Medium,75.7,2.0,81.7,False
751.0,David Walker,Male,89.9,16.2,75.4,, High ,98.3,3.0,61.8,True
264.0,Sofia Ramirez,Female,100.0,17.1,85.9,3.0,LOW,89.1,2.7,97.5,False
444.0,Lucas Taylor,MALE,80.7,12.8,72.2,1.0,HIGH,79.8,3.9,113.5,True
689.0,Mia Young,Female,78.4,26.7,73.6,1.0,LOW,83.3,1.7,66.6,False
305.0,,Female,71.5,12.7,74.2,1.0,low,69.7,6.3,81.2,False
342.0,Ava Jones, Male ,86.4,21.8,66.0,2.0,High,89.3,1.8,66.5,True
612.0,Mia Jones,female,67.9,17.2,73.1,2.0,,73.0,3.4,88.8,False
985.0,Harper Thompson,Female,90.2,22.6,76.2,,MEDIUM,86.4,4.0,82.6,True
150.0,Sarah Lewis,FEMALE,78.2,,74.5,1.0,medium,76.2,4.2,74.9,False
125.0,Elizabeth Lewis,Female,80.8,18.8,78.7,1.0,Medium,80.3,2.6,56.8,False
801.0,John Johnson,Female,58.2,16.6,78.5,1.0,MEDIUM,68.6,0.9,63.7,False
838.0,, Female ,74.5,15.6,67.1,3.0,Medium,68.2,4.1,70.5,True
51.0,Matthew Jackson,Male,82.7,12.4,81.1,1.0,MEDIUM,79.7,3.9,96.3,
354.0,Mia Walker,Male,81.9,12.8,,0.0,Low,75.3,2.4,83.3,True
944.0,Lucas Smith,male,75.0,22.3,93.6,,Medium,78.6,0.4,78.2,True
143.0,Ava Walker,female,94.6,15.5,58.3,2.0,Low,79.9,1.3,63.9,False
471.0,Matthew Robinson,Female,64.8,11.5,62.3,0.0,medium,68.8,3.0,25.9,True
400.0,Sophia Rodriguez,FEMALE,68.0,10.7,79.7,1.0,Low,77.8,1.7,94.0,False
639.0,Emily Garcia,Male,63.9,28.1,80.2,1.0,High,83.1,2.4,77.6,False
321.0,Sophia Brown,Male,90.1,25.0,79.5,1.0,LOW,85.2,2.6,44.2,True
20.0,Mia Brown,male,99.1,14.3,75.2,0.0,Low,79.5,1.7,103.7,True
825.0,Ethan Clark,Female,86.6,11.6,70.1,2.0,Medium,70.0,4.6,118.9,False
860.0,Jackson Sanchez,male,79.3,20.6,100.0,3.0, Medium ,87.6,4.4,86.7,True
824.0,Evelyn Robinson,Female,84.8,23.8,69.4,2.0, High ,76.4,2.4,124.3,False
408.0,Emma Robinson, Female ,88.8,25.2,95.0,1.0,Medium,95.3,1.7,108.3,True
538.0,Michael Brown,Male,81.1,30.0,72.1,0.0,Medium,93.1,1.7,73.9,False
634.0,Isabella Robinson,Female,90.2,11.3,60.8,0.0,Medium,68.8,0.4,72.6,True
,Ava Thomas,female,89.1,12.7,72.2,2.0,LOW,78.6,-0.6,83.4,False
176.0,Mia Wilson, Female ,92.8,23.2,59.5,1.0,Low,83.6,2.9,71.8,False
246.0,Alex Allen,Female,100.0,14.9,72.2,2.0,high,79.9,2.2,86.8,False
844.0,Sarah Lewis,male,77.7,21.9,67.9,1.0,low,76.3,3.1,35.4,False
681.0,Abigail Young,MALE,81.1,14.9,73.2,4.0,low,79.2,2.6,93.6,True
851.0,Charlotte Williams,Male,90.3,13.0,78.9,1.0,medium,79.3,2.1,74.2,False
874.0,Michael Young,Male,81.7,13.6,87.3,0.0,Low,77.4,4.9,84.7,True
155.0,Mia Martinez,Female,75.2,4.9,52.8,1.0,Low,60.2,-7.9,84.7,False
288.0,Harper Davis,Female,85.1,13.2,85.8,1.0,Medium,,3.0,59.4,False
616.0,Evelyn Garcia,FEMALE,69.1,10.9,65.1,0.0,Medium,65.5,3.5,61.3,False
570.0,Harper Allen,Female,77.2,17.6,77.4,1.0,low,,0.1,58.7,False
758.0,Isabella Perez,Female,81.0,23.2,80.7,1.0, Medium ,77.6,1.2,61.8,False
18.0,Michael Moore,Female,67.4,17.3,72.3,2.0, Medium ,65.8,1.8,48.1,False
128.0,Matthew Thompson,female,91.4,24.5,77.4,2.0,Medium,93.0,1.7,79.6,False
323.0,,MALE,57.6,19.0,63.7,0.0,Medium,73.5,3.8,60.0,True
256.0,Emma Williams,Female,83.3,16.4,64.7,4.0,High,80.3,3.4,106.0,False
671.0,David Sanchez,Female,83.0,20.0,87.2,1.0,MEDIUM,91.8,0.6,63.9,False
983.0,,Female,72.3,16.4,74.6,,Medium,74.7,2.8,76.0,False
191.0,Daniel Taylor,male,76.9,9.7,92.2,,Low,74.6,4.4,64.5,True
,Harper Moore, Male ,69.4,18.3,52.2,2.0,High,71.3,4.0,74.9,False
630.0,James Brown,Male,86.7,21.8,84.1,,Medium,86.3,2.6,85.8,
607.0,Sophia Jones,Female,91.6,17.5,65.1,0.0,Medium,,3.5,68.6,False
181.0,,FEMALE,67.3,19.5,56.3,0.0,high,65.3,5.5,110.9,True
302.0,Jackson Taylor,male,74.2,6.3,84.1,2.0, Medium ,74.4,2.4,93.5,False
774.0,Abigail Anderson,Female,97.8,21.2,91.9,0.0,Medium,89.1,2.9,26.1,False
912.0,Olivia Robinson,MALE,79.6,6.8,67.9,0.0,HIGH,63.4,3.4,195.9,
738.0,James Williams,Male,82.1,14.8,55.3,1.0,high,75.8,0.9,127.1,True
763.0,David Smith,Male,82.9,6.0,100.0,1.0,Low,84.0,5.8,66.2,True
904.0,Sebastian Davis,FEMALE,86.8,10.4,67.8,1.0,,,2.2,67.4,
518.0,Sarah Johnson,Female,84.2,15.2,72.0,2.0,low,75.6,4.0,59.7,False
741.0,Jackson Taylor,Male,76.6,12.6,65.3,0.0,Low,66.3,0.8,94.3,False
46.0,Charlotte Jones,Female,87.0,21.5,94.8,0.0,Medium,93.6,1.1,32.9,
925.0,Noah Wilson,Male,88.8,15.6,83.7,0.0,low,77.5,3.6,65.1,False
158.0,Henry Lewis,Female,64.2,21.6,66.6,1.0,High,79.2,3.5,149.0,True
759.0,Michael Lee,Male,75.5,29.4,95.6,2.0,Low,90.0,2.5,47.7,False
172.0,Alex Perez,,73.7,10.1,89.3,0.0,Medium,78.1,3.2,82.1,True
17.0,Amelia Anderson,Male,100.0,3.8,49.3,0.0,Medium,72.9,3.3,80.4,True
512.0,Matthew Miller,female,78.9,15.7,77.6,0.0,Low,66.1,0.8,171.2,True
49.0,Daniel White, Female ,100.0,21.4,81.6,1.0,High,89.5,4.9,92.8,False
990.0,Emily Walker, Male ,90.2,15.8,75.1,1.0,Low,74.3,3.2,100.4,True
856.0,Elizabeth Lewis,MALE,85.7,21.2,74.4,1.0,High,86.3,4.1,93.1,False
516.0,Michael Walker,Female,89.7,17.9,78.6,1.0,LOW,83.9,1.6,60.6,False
974.0,Lucas Wilson,Female,83.0,16.6,79.5,1.0, High ,78.3,1.8,99.5,False
481.0,Ava Jones,Female,69.3,25.9,,2.0,Low,70.4,2.9,111.8,True
284.0,Lucas Ramirez,Female,68.9,5.3,82.6,,Low,71.3,2.8,71.9,False
733.0,Sofia White,Female,72.0,16.5,81.9,1.0,Low,78.1,0.1,124.5,False
668.0,Elizabeth White,Female,76.8,18.5,71.3,0.0,High,81.2,2.8,83.8,False
226.0,Sophia Allen,FEMALE,88.4,16.8,78.2,1.0,,83.4,1.9,83.6,
27.0,Benjamin Williams,Female,90.8,16.6,83.8,0.0,High,94.4,3.5,123.3,False
797.0,,Female,85.3,12.1,54.2,1.0,Medium,65.6,0.5,111.4,True
438.0,Sofia Thompson, Female ,86.5,16.5,96.5,1.0,High,98.2,5.3,41.3,True
968.0,Sophia Moore,male,76.2,19.2,58.3,3.0,Low,85.3,1.0,33.8,True
365.0,Michael Martin,FEMALE,73.2,16.1,71.1,2.0,medium,76.2,1.1,60.1,True
230.0,Olivia Rodriguez,,90.7,4.5,91.2,0.0, Medium ,76.6,3.3,78.7,True
38.0,Jackson Smith,MALE,70.5,2.8,88.0,0.0,,67.9,2.6,83.8,False
984.0,Evelyn Sanchez,Female,89.4,13.8,62.8,0.0,Medium,71.7,1.6,192.2,True
375.0,Sebastian Robinson, Female ,87.8,19.0,92.2,3.0,Low,78.4,0.5,100.0,False
470.0,Sofia Johnson,Male,89.3,14.1,65.9,1.0,MEDIUM,75.0,2.1,92.9,False
986.0,Evelyn Clark,Female,100.0,14.0,62.1,2.0,medium,80.8,-1.3,109.8,False
866.0,Daniel Taylor,Male,87.2,17.7,69.7,1.0,High,78.7,3.4,84.6,False
718.0,Lucas Anderson,Female,87.1,17.1,79.0,0.0,Low,89.0,2.3,167.1,False
740.0,Sebastian Miller,Male,73.9,13.5,78.8,1.0,Low,77.4,3.3,60.2,False
195.0,David Jackson,female,79.6,15.9,82.5,1.0,Medium,79.8,1.3,53.1,False
870.0,Sarah Clark, Male ,92.0,14.4,53.7,1.0,Medium,,4.8,85.5,False
880.0,Ethan Brown,Female,90.4,6.2,72.0,2.0,High,80.1,3.8,85.4,True
504.0,Sebastian Martinez,Male,79.6,11.6,69.5,1.0,low,66.1,5.7,70.0,True
988.0,Sophia Miller,FEMALE,77.4,21.9,75.2,2.0,medium,87.1,1.4,97.8,True
846.0,John Perez,Male,77.1,19.1,75.0,0.0,Low,70.7,1.7,118.9,False
580.0,Michael Perez,FEMALE,84.9,15.6,72.9,0.0,Low,71.0,1.9,64.0,False
987.0,Ethan Ramirez, Female ,78.2,13.5,80.1,0.0,Low,71.1,4.1,50.9,False
,Benjamin Lewis,male,89.6,25.2,64.4,4.0,Medium,87.2,3.2,83.1,True
716.0,Emily Robinson,MALE,82.5,5.4,68.9,0.0,LOW,74.3,1.5,78.3,True
153.0,Sofia Taylor,Female,81.6,,68.0,2.0,Low,74.0,0.6,60.2,True
695.0,Alex Jones,Female,84.2,12.4,66.8,0.0,High,68.6,4.2,54.4,False
714.0,Matthew Sanchez,Female,69.8,16.2,66.0,1.0,High,71.7,2.4,84.9,False
996.0,Ethan Smith,Female,82.9,10.9,100.0,1.0,Medium,87.1,2.0,56.1,True
112.0,Emily Miller,Female,79.8,19.8,84.4,0.0,Low,75.0,1.9,79.8,True
227.0,Jackson Brown,FEMALE,76.6,5.5,60.4,, Low ,72.0,1.9,97.4,True
910.0,Alex Young,Male,89.9,16.7,83.8,2.0, Medium ,79.2,0.7,74.1,
104.0,, Male ,70.5,26.1,73.0,1.0,HIGH,89.5,1.7,60.4,True
422.0,Daniel Allen, Female ,96.2,21.4,91.9,1.0,HIGH,90.2,2.8,69.9,True
420.0,Amelia Moore,,65.7,18.4,78.6,0.0,High,82.5,0.9,74.8,True
765.0,,MALE,71.0,17.5,66.7,0.0,HIGH,82.6,3.3,77.1,False
587.0,Daniel Ramirez,male,88.6,18.9,73.0,2.0,Medium,81.2,4.3,85.4,False
845.0,John Sanchez,male,85.7,34.5,75.1,2.0,low,87.7,3.7,92.6,False
673.0,, Female ,78.2,16.3,79.2,2.0,Low,72.4,3.3,64.7,False
120.0,Michael Moore,Female,85.5,24.2,58.9,2.0,Low,59.6,1.4,79.3,True
54.0,Lucas Young,FEMALE,62.0,20.8,87.9,0.0,high,84.4,1.2,81.6,True
152.0,Ava Jackson,Male,79.5,20.9,,1.0,Medium,76.1,4.3,59.8,False
404.0,Charlotte Martinez, Female ,92.2,34.4,94.7,2.0,Medium,92.1,4.6,54.8,False
,Benjamin Allen, Male ,79.2,,,1.0,,89.8,3.2,75.9,False
208.0,Charlotte Harris,Female,82.0,14.4,61.8,1.0,medium,72.2,4.7,52.6,True
659.0,Alex Lewis,,84.2,11.1,66.5,0.0,High,75.6,4.5,92.2,False
859.0,Daniel Jackson,Female,100.0,22.8,63.6,0.0,Low,77.0,2.4,45.4,
949.0,David Smith,Female,58.3,19.0,74.3,2.0,Medium,70.6,3.3,52.3,False
9.0,Liam Sanchez,Female,67.7,20.0,92.1,1.0,Medium,81.4,1.1,42.4,False
823.0,Emma Martinez,Male,93.0,12.7,84.6,1.0,High,90.8,2.7,79.6,False
37.0,Elizabeth Walker,Female,85.2,15.3,87.0,1.0,Medium,84.1,1.6,37.7,False
453.0,Lucas Johnson,Male,87.5,16.0,69.3,0.0,High,86.7,1.8,52.6,False
652.0,Evelyn Smith,female,87.0,23.3,,1.0,Medium,87.9,1.3,69.7,False
254.0,Sophia Clark,female,80.9,9.2,,2.0,Medium,78.4,5.6,47.1,True
304.0,Sebastian Robinson,Female,71.4,21.3,82.1,1.0,Low,82.7,-1.7,70.3,False
761.0,Olivia Anderson,Male,82.9,24.6,94.5,2.0,High,86.6,-1.6,96.3,False
572.0,Benjamin Wilson,female,77.1,19.4,69.5,3.0,High,80.5,2.7,71.3,True
624.0,,female,83.6,12.9,70.6,0.0,Medium,63.4,0.2,79.5,False
724.0,Michael Harris,male,72.0,19.4,100.0,0.0,Low,83.1,1.3,73.5,True
833.0,Mia Lee,,94.0,13.0,64.6,2.0,Medium,77.2,4.3,71.6,True
263.0,Ava Thomas,Male,75.4,5.6,86.2,3.0,Medium,,1.2,138.8,False
611.0,Elizabeth Clark,female,78.6,21.2,72.4,3.0,Medium,85.9,4.6,61.3,True
298.0,Mia White,MALE,100.0,18.0,59.7,0.0,,88.4,1.1,127.3,False
415.0,John Lee,MALE,71.4,16.7,59.7,1.0,low,62.3,0.2,65.4,True
151.0,Elizabeth Anderson,Male,84.9,6.0,82.7,1.0, Low ,,1.1,97.2,True
803.0,Amelia Thomas,Female,,18.0,69.4,2.0,HIGH,82.5,2.8,82.4,False
641.0,Daniel Harris,Male,84.6,9.9,,1.0,Medium,73.0,3.0,103.4,False
905.0,Mia Martinez, Female ,100.0,18.9,48.8,1.0, Medium ,74.8,3.3,100.5,True
551.0,Jackson Rodriguez,Female,69.4,30.2,79.3,0.0,Medium,85.1,2.0,124.9,False
992.0,Henry Thomas,Female,78.0,20.2,72.0,2.0,MEDIUM,74.3,4.1,83.3,False
,Matthew Brown,FEMALE,73.3,20.4,74.3,0.0,Medium,74.6,-0.2,86.1,
711.0,Daniel Wilson,MALE,,22.4,87.7,0.0,MEDIUM,66.1,0.2,92.5,True
148.0,Noah Clark,Female,84.0,14.8,92.6,1.0,Medium,83.0,2.5,63.5,False
147.0,Sarah Jackson,Male,87.1,10.0,55.2,1.0,,75.8,1.8,93.8,False
735.0,Liam Lewis,MALE,,15.3,90.3,0.0,Low,90.3,3.4,108.0,False
948.0,Emma Walker,Male,78.5,26.0,77.9,2.0,Low,86.1,3.0,50.2,False
754.0,David Anderson,Female,99.8,9.8,73.4,1.0,HIGH,79.7,2.4,79.8,False
660.0,Ava Davis,Male,89.7,8.5,66.2,0.0,High,,2.6,54.4,True
349.0,Olivia Sanchez,Male,82.4,17.7,73.8,0.0,Medium,76.8,2.9,60.9,
464.0,Benjamin Johnson,FEMALE,93.3,12.1,83.0,0.0,low,79.8,2.2,105.5,
326.0,Liam Garcia, Female ,94.1,16.6,60.4,2.0,High,81.7,3.3,56.5,False
187.0,Emma Jones,Male,,25.8,92.1,0.0,medium,100.0,2.0,81.1,False
124.0,Lucas Davis,Female,75.0,18.0,74.3,2.0,,91.2,2.2,50.2,True
,Mia Smith,FEMALE,83.7,12.0,81.8,0.0, Low ,78.8,3.9,175.4,False
609.0,Charlotte Davis,FEMALE,87.3,28.5,73.9,1.0,MEDIUM,91.1,1.5,78.1,True
144.0,Benjamin Lewis,female,67.8,17.2,92.5,2.0,Medium,94.4,1.6,49.2,True
977.0,Alex Walker,Male,72.2,12.1,69.9,0.0,,,0.6,71.0,True
198.0,,Female,64.4,10.3,98.0,3.0,MEDIUM,,3.6,70.5,False
610.0,Elizabeth Brown,FEMALE,80.0,10.9,48.4,1.0,MEDIUM,60.1,3.2,80.7,True
280.0,Alex Lewis,Female,83.1,24.4,69.3,1.0,High,,1.5,35.0,False
294.0,Sophia Smith,Female,76.3,16.7,84.1,0.0,Medium,87.3,1.2,72.1,False
401.0,Charlotte Lewis,Male,88.6,7.2,60.4,1.0,Medium,70.1,2.8,128.2,False
123.0,Evelyn Rodriguez,Female,87.5,15.5,75.9,2.0, Low ,84.9,2.7,79.9,False
184.0,Daniel Thomas,Female,88.5,10.3,67.2,0.0,Medium,78.3,2.4,91.8,True
203.0,Lucas Allen,Male,81.0,13.9,69.8,0.0,HIGH,69.1,5.2,89.8,False
439.0,Alex Martinez,Female,77.5,10.8,,1.0,High,67.5,1.5,74.3,True
247.0,Matthew Lewis,Female,77.5,18.4,72.9,1.0,MEDIUM,73.8,2.8,88.9,False
416.0,Daniel Clark,Male,63.7,2.5,79.8,1.0,medium,70.8,2.2,72.9,False
791.0,Alex Lee,FEMALE,71.6,22.9,71.8,1.0,High,85.8,0.5,62.2,False
867.0,Jackson Brown,Male,59.8,19.5,87.5,0.0, Medium ,65.7,2.0,54.4,False
922.0,Harper Martin,Female,89.9,17.9,78.8,0.0,Low,82.6,3.1,84.6,True
973.0,Lucas White,Female,71.8,14.0,81.3,0.0,Medium,78.9,2.1,80.0,False
903.0,Liam Harris, Female ,78.5,17.3,70.6,2.0, High ,78.6,3.1,68.0,True
130.0,Evelyn Thompson,Male,77.4,19.7,68.4,0.0,High,71.9,0.2,70.3,False
638.0,Ava Perez,female,74.0,12.1,84.8,4.0,Medium,82.3,2.7,50.7,False
403.0,Sophia Rodriguez,FEMALE,96.1,11.3,60.8,1.0, Medium ,,3.3,78.8,True
799.0,Sophia Moore, Female ,92.8,10.7,93.1,3.0,low,87.3,3.2,54.8,True
785.0,Lucas Harris,Female,86.9,18.9,77.7,1.0, Low ,82.6,2.8,64.2,False
736.0,Daniel Clark,MALE,63.4,22.4,64.9,1.0,High,65.9,3.0,88.2,True
929.0,Benjamin Garcia,Male,93.2,6.7,55.5,1.0,High,,5.1,53.1,True
220.0,Sofia Thomas,Male,79.2,18.7,76.0,1.0,medium,87.7,4.2,75.9,False
642.0,Sofia Johnson,Male,64.9,12.9,77.1,3.0,MEDIUM,66.5,3.0,81.2,False
931.0,Henry Williams,MALE,62.4,9.6,77.2,1.0,low,62.7,2.4,74.8,True
847.0,Emma Taylor,Female,100.0,18.9,78.1,3.0,High,90.5,2.3,84.6,False
926.0,David Brown,Male,75.9,18.6,70.4,1.0,High,84.0,3.5,87.4,False
936.0,David Jones,male,70.4,19.6,78.0,1.0,Medium,74.7,3.0,80.1,True
625.0,Ethan Martin,female,92.2,13.2,87.3,1.0,medium,80.9,2.0,55.2,False
854.0,Noah Jones,Male,82.6,16.8,78.0,1.0,Medium,82.8,2.4,64.4,False
775.0,Elizabeth Clark, Female ,72.8,13.1,89.8,1.0,Medium,76.7,3.3,108.5,True
387.0,,female,82.3,12.6,73.9,0.0,Medium,79.1,3.4,88.7,True
991.0,James Jackson, Male ,76.6,6.5,65.8,2.0,low,,1.1,68.3,False
510.0,Noah White,Male,90.0,15.8,62.6,3.0,medium,76.7,3.9,76.2,False
268.0,James Anderson,Female,76.7,15.0,82.6,1.0,Medium,82.4,0.1,82.8,True
835.0,Elizabeth Taylor,male,93.6,12.5,75.9,0.0,low,78.0,3.1,54.8,True
442.0,Sophia Jackson,Male,92.7,7.6,83.0,3.0,High,80.1,3.7,94.6,False
497.0,Michael Martin,,91.1,19.2,65.9,3.0, Medium ,85.1,3.3,54.6,True
113.0,Henry Garcia,Female,85.4,24.8,79.4,3.0,Medium,100.0,-3.8,65.4,False
692.0,,Female,89.3,10.5,92.5,3.0,High,95.4,3.1,53.4,False
233.0,John Allen, Female ,68.2,15.6,51.7,1.0,high,,-7.7,85.7,True
885.0,Jackson Perez,MALE,90.1,7.2,68.3,2.0,medium,77.2,2.4,68.9,False
608.0,Amelia Lee, Male ,81.7,18.6,74.1,2.0,Medium,85.5,1.5,77.3,True
672.0,Ethan Lee,Female,100.0,12.0,65.8,0.0,Low,78.7,1.0,69.2,False
374.0,Isabella Taylor,Male,86.1,10.0,65.7,,High,85.9,5.7,30.7,True
1000.0,Amelia Rodriguez,Female,62.8,20.6,77.5,2.0,Medium,90.3,-6.3,118.0,True
858.0,Sarah Lee,Female,86.0,12.0,68.5,1.0,medium,74.6,2.9,43.4,True
234.0,Matthew Sanchez,Male,76.7,13.8,59.1,1.0,MEDIUM,71.9,1.1,103.5,True
800.0,Mia Jackson,Male,87.5,14.0,70.6,1.0,Medium,83.5,1.4,87.8,False
677.0,Harper Jones,female,84.5,23.6,91.6,0.0,Medium,100.0,1.2,87.2,False
318.0,Abigail Lee,Male,84.1,13.2,80.5,0.0, High ,80.0,0.1,60.6,True
649.0,David Allen,female,74.0,8.2,92.6,1.0,HIGH,79.1,2.9,97.6,False
,Olivia Johnson,Female,90.7,4.9,75.2,1.0,High,77.0,3.4,86.3,True
914.0,Charlotte Clark,male,97.9,12.5,96.3,2.0,MEDIUM,92.9,3.2,66.9,False
710.0,Mia Miller,,75.8,8.9,81.0,1.0,medium,83.1,2.5,96.0,True
359.0,Alex Brown,Female,86.8,20.5,93.7,0.0,medium,81.1,1.3,67.6,False
259.0,Olivia Martin,Male,88.1,22.2,80.5,2.0,MEDIUM,88.0,-5.4,153.6,False
745.0,Emily Miller,Male,92.8,18.6,91.7,0.0, Medium ,78.5,1.2,91.5,True
628.0,Isabella Lee,MALE,77.3,10.6,54.4,1.0,High,72.6,3.6,44.4,False
633.0,Mia Williams,Female,83.3,21.6,65.8,1.0,medium,79.5,3.3,47.8,False
283.0,Daniel Anderson,,87.1,11.0,54.5,0.0,Medium,68.2,2.8,79.0,False
377.0,Matthew Young, Female ,84.2,19.3,81.9,2.0,High,89.3,3.7,92.5,True
385.0,John Anderson,Male,68.9,12.0,76.0,4.0,low,70.1,2.8,72.2,False
225.0,Abigail Taylor,,75.6,7.1,62.4,2.0,Medium,73.1,1.3,78.3,True
972.0,Benjamin Walker,Male,92.3,24.4,55.1,2.0,Medium,72.1,2.9,123.4,False
830.0,John Allen,MALE,66.2,9.8,80.0,2.0,Low,73.5,1.0,73.4,False
473.0,Benjamin Thomas,Male,73.4,23.1,79.2,1.0,Low,80.6,2.6,60.7,False
348.0,,Female,82.0,4.5,76.9,2.0,Low,78.0,-4.8,55.0,False
506.0,Mia Davis,Male,86.9,,65.4,,medium,67.0,5.7,101.9,False
640.0,David Rodriguez,Female,97.4,19.5,72.4,1.0,LOW,82.1,2.3,88.0,True
679.0,Amelia Walker,female,85.2,19.2,62.9,0.0,High,79.6,2.2,54.6,True
798.0,Mia Garcia,Female,84.5,25.9,88.4,1.0,HIGH,94.6,5.0,76.8,False
945.0,Michael Anderson,Female,73.3,6.9,74.0,1.0,medium,64.7,1.7,68.8,False
921.0,Sebastian Anderson,Male,79.3,17.4,98.3,1.0,Medium,92.4,2.5,56.7,True
620.0,Emma Allen,Female,72.8,22.3,68.9,1.0,High,63.0,3.7,45.9,False
871.0,Mia Johnson,Male,73.0,16.1,97.0,2.0,,79.1,2.9,95.1,False
960.0,Benjamin Garcia, Male ,58.7,23.4,91.3,1.0,HIGH,88.3,3.2,74.3,False
646.0,Sophia Rodriguez,Male,76.9,16.3,84.3,1.0,Low,81.3,2.2,102.0,True
862.0,Sofia Rodriguez, Female ,94.6,14.1,76.2,0.0,High,81.6,1.1,92.9,
557.0,Matthew Robinson,Female,81.7,12.2,93.1,3.0,High,93.6,3.5,101.6,True
976.0,Liam Johnson,Male,72.4,19.2,85.2,0.0,High,88.9,1.7,94.7,False
578.0,Amelia Clark,Male,92.0,15.4,74.8,4.0,Low,81.2,1.7,91.1,False
796.0,Ava Miller,FEMALE,70.2,18.1,86.8,3.0,Low,,3.6,84.2,True
86.0,Abigail Lewis,Female,79.6,13.1,67.2,,High,70.0,3.1,92.4,True
243.0,Alex Young, Male ,83.4,21.0,66.1,1.0,High,84.2,3.7,82.5,False
699.0,Sarah Wilson,Male,88.8,7.3,87.6,1.0,,72.7,3.4,66.9,False
160.0,Emily Wilson,Male,74.4,25.9,71.8,3.0,,76.0,0.9,68.2,
525.0,Sophia Perez,MALE,74.1,8.1,65.3,2.0,Low,79.4,-0.3,48.0,False
36.0,Sarah Sanchez,Female,71.0,29.3,74.5,0.0,Medium,82.1,1.5,62.7,False
541.0,Abigail Moore,Male,77.5,23.5,78.0,0.0,Medium,75.5,4.0,92.9,False
171.0,Michael Perez,MALE,69.8,16.5,83.7,2.0,low,75.3,3.9,59.5,False
655.0,Henry Jones,Female,86.9,17.7,65.3,0.0,Medium,70.0,-7.7,93.5,False
906.0,Abigail Davis,Female,96.8,8.3,86.6,1.0, High ,90.9,1.7,64.2,True
873.0,Michael Perez,FEMALE,84.6,4.7,93.3,0.0,High,86.5,0.8,90.5,True
917.0,Henry Rodriguez,FEMALE,87.0,19.8,56.8,1.0,Medium,87.1,1.6,38.4,False
961.0,Emma Lewis,Female,63.4,16.0,88.9,1.0,Low,75.0,1.9,72.5,True
734.0,Emily Lewis,Male,82.4,8.9,63.0,1.0,medium,71.5,2.3,74.0,False
96.0,Ava Williams,,75.7,13.7,72.0,2.0,LOW,73.9,0.7,87.0,True
564.0,Olivia Walker,Male,81.3,11.4,56.5,1.0,Medium,78.1,3.8,78.1,True
241.0,Emma Jackson,Male,70.7,21.1,74.4,1.0,MEDIUM,75.2,2.6,60.8,False
743.0,Evelyn Thomas,Female,82.9,14.2,81.5,1.0,medium,76.3,0.2,81.1,False
575.0,John Jones,FEMALE,83.1,22.5,66.3,2.0,medium,84.2,2.0,76.8,False
691.0,Charlotte Clark,,81.4,17.6,70.2,,High,79.1,1.8,74.7,True
461.0,Abigail Clark,Male,,11.7,78.9,1.0, High ,78.3,3.6,60.4,True
554.0,Sophia Perez,Male,81.9,16.7,95.7,4.0,HIGH,94.5,-7.1,44.3,True
894.0,Charlotte Harris,FEMALE,84.0,11.2,57.4,3.0,High,91.9,1.2,63.1,False
207.0,Matthew Jackson,,84.2,13.6,75.1,1.0,HIGH,77.8,-0.7,79.1,False
393.0,Isabella Allen, Female ,79.0,24.2,58.8,2.0,Medium,79.1,3.7,70.1,True
795.0,Benjamin Moore,Male,92.3,13.8,65.5,0.0,Medium,66.1,3.2,84.1,False
398.0,Olivia Thompson,MALE,92.4,16.8,75.1,2.0,Medium,92.5,1.2,84.2,True
767.0,Ethan Jackson,Male,83.5,10.5,79.8,3.0,Low,91.4,2.1,78.5,False
864.0,Emily Anderson,Female,82.1,20.7,76.4,1.0,Medium,78.8,1.6,73.0,False
218.0,Alex Harris,Female,85.6,19.1,82.3,1.0,High,95.4,3.3,75.2,True
5.0,Benjamin Brown,Female,91.9,11.8,80.9,1.0,Medium,78.7,4.3,47.5,True
769.0,Emma Williams,Male,100.0,19.7,67.0,1.0,Medium,71.9,1.9,77.1,False
643.0,Elizabeth Thomas,Male,74.9,20.7,65.7,1.0,Medium,79.0,1.8,95.9,False
,Isabella Smith,Male,80.9,7.1,61.4,1.0,medium,63.1,1.9,152.9,False
613.0,Emily White,,62.2,6.6,73.1,,high,71.6,5.3,111.2,False
739.0,Matthew Smith,male,,22.1,50.5,0.0,High,80.2,2.9,88.9,True
547.0,Benjamin White,Female,81.1,4.2,71.2,2.0,medium,74.6,-4.9,52.3,True
726.0,Michael Clark,Female,82.2,7.8,79.6,1.0,High,73.9,0.7,58.3,False
684.0,David Clark,female,85.9,17.5,70.4,0.0,Low,71.8,2.1,65.8,False
99.0,Evelyn Johnson,Female,90.1,24.6,82.0,2.0,Medium,91.7,4.0,71.3,True
805.0,Matthew Brown,Male,86.8,13.1,66.9,1.0,Medium,77.8,2.5,64.8,False
728.0,Alex Lee,male,77.3,11.7,70.6,1.0, Medium ,70.9,3.7,86.5,True
574.0,,Male,78.0,18.1,,0.0,MEDIUM,64.9,0.4,62.7,False
407.0,Mia Wilson,Male,79.9,19.1,80.0,1.0,HIGH,95.1,2.7,71.4,True
503.0,David Miller,Female,79.3,17.8,81.2,1.0,Medium,83.3,0.5,65.2,True
48.0,Sebastian Perez,Female,81.6,,80.4,1.0,Medium,79.1,2.6,93.6,True
33.0,Alex Harris,,75.8,20.6,71.6,0.0,Low,,3.1,51.0,False
780.0,Elizabeth White,male,79.0,9.1,82.7,1.0,High,74.6,2.5,69.3,False
840.0,Sofia Martin,FEMALE,78.9,16.9,,0.0,High,74.0,1.0,78.3,False
201.0,James Robinson, Male ,100.0,10.0,75.2,1.0,Medium,87.2,3.4,72.7,False
135.0,Emily Perez,Male,85.8,6.4,70.5,1.0,High,71.9,0.9,60.7,False
28.0,Jackson Rodriguez, Female ,68.3,21.1,78.2,0.0,Medium,75.3,-5.6,68.7,False
,Ethan Lewis,Female,60.1,0.0,66.0,0.0,Medium,64.2,1.4,67.9,False
231.0,Mia Ramirez,Female,76.7,8.3,83.6,1.0,Medium,77.9,2.3,79.3,False
490.0,Ethan Jackson,,100.0,23.0,74.5,4.0,Medium,80.6,4.1,42.7,False
773.0,John Wilson,male,69.1,9.5,63.5,0.0,Medium,65.4,2.9,98.6,False
379.0,Isabella Jackson,Female,96.8,23.2,71.2,3.0,High,95.1,2.6,53.4,True
289.0,Henry Brown,Female,77.1,15.0,66.3,1.0,High,87.4,3.6,40.1,True
419.0,Ava Lewis,Male,96.3,11.0,59.4,1.0,HIGH,80.7,4.5,95.4,False
675.0,Ethan Harris,FEMALE,74.0,12.8,62.4,4.0,Medium,76.9,-0.6,80.4,False
392.0,Olivia Jackson,Male,84.3,24.6,66.1,1.0,Medium,77.9,2.0,130.5,False
593.0,Noah Anderson,FEMALE,93.6,10.6,79.8,1.0,Medium,74.1,2.6,77.7,False
499.0,Sofia Moore,Male,79.1,17.1,67.5,,Low,65.4,3.0,87.3,True
139.0,James Sanchez,Female,97.8,4.5,53.7,0.0,High,73.3,0.3,82.8,True
63.0,James Jones,Male,79.7,14.7,71.3,,High,84.7,0.7,132.2,False
472.0,Jackson White,Male,78.0,21.2,84.1,3.0,Low,78.1,0.4,89.7,False
,Henry Thompson,FEMALE,71.5,16.8,90.3,3.0,Low,85.5,1.9,66.9,False
129.0,Harper Martin,,72.2,17.9,65.4,1.0,Medium,72.1,3.5,58.0,True
995.0,Amelia Sanchez,Female,77.9,24.8,82.1,1.0, Low ,73.4,1.6,109.8,True
521.0,James Lewis,,83.7,15.5,78.9,1.0,Medium,78.4,3.1,94.2,True
839.0,John Miller,male,76.9,13.4,95.1,4.0,MEDIUM,,2.1,111.9,
981.0,Harper Thompson, Female ,82.7,27.9,79.0,1.0,Low,99.6,2.9,80.3,True
65.0,Benjamin Sanchez,female,77.8,,64.0,3.0,High,84.2,1.9,53.9,
813.0,Daniel White,Male,88.3,14.9,79.7,1.0,High,85.0,6.6,74.5,False
15.0,Abigail Jackson,Female,80.1,10.6,59.3,1.0,MEDIUM,,3.5,79.9,False
157.0,Michael Brown,male,100.0,,89.3,0.0,Low,77.5,4.9,80.8,False
41.0,Emma Harris,,76.3,19.3,72.1,2.0,Low,,1.8,97.3,False
493.0,Matthew Smith,Female,64.2,14.2,74.2,0.0,Low,71.8,1.9,78.5,
380.0,Noah Martin,female,73.0,16.5,,3.0,Low,69.0,1.6,56.4,False
188.0,Isabella Lee,Male,93.7,12.9,70.3,0.0,medium,78.2,3.4,76.9,False
764.0,David Perez, Male ,74.1,4.9,60.7,2.0,Low,64.5,5.1,77.2,False
217.0,Alex Jackson,MALE,91.9,25.4,62.4,1.0,High,81.3,1.8,38.4,False
792.0,Mia Robinson,Male,81.2,15.7,69.8,3.0,High,83.2,4.8,99.1,False
53.0,James Jackson,male,91.0,17.3,,1.0,High,85.1,4.1,107.3,True
879.0,Henry Harris,FEMALE,92.5,9.5,75.3,0.0,low,69.8,3.7,76.8,False
338.0,Sophia Rodriguez,Female,80.5,14.5,62.3,0.0,Low,59.2,2.0,64.7,False
749.0,Sophia Ramirez,male,88.1,22.1,88.5,2.0,Medium,90.6,2.9,67.2,True
720.0,Harper Jackson,MALE,78.3,18.3,65.6,1.0,MEDIUM,,3.9,105.2,False
725.0,Emily Martin,,,20.1,74.7,2.0,Medium,79.0,2.6,46.0,False
296.0,Amelia Jackson,Female,88.3,8.8,69.0,1.0,HIGH,79.4,1.1,59.1,
702.0,Ethan Garcia,Female,72.6,19.3,59.1,0.0,Low,61.8,-5.3,45.9,False
252.0,Lucas Taylor,Female,59.2,20.2,83.0,,MEDIUM,69.1,4.4,94.9,False
727.0,Abigail Young,MALE,80.8,10.1,79.8,3.0, High ,83.7,3.0,58.9,True
462.0,Emma Martinez,Male,92.3,17.3,71.2,0.0,Medium,72.2,1.4,79.4,False
,Henry Johnson,MALE,51.5,27.7,72.1,1.0,Low,78.9,-0.1,85.6,True
939.0,Mia Young,Female,75.6,4.9,62.8,1.0,Medium,63.2,2.5,54.5,True
816.0,Elizabeth Brown,Male,51.4,9.2,70.4,4.0,Low,67.5,1.5,101.9,True
863.0,Michael Lewis,Female,93.4,17.0,57.1,0.0,low,69.5,2.8,42.4,False
,Harper Johnson,Female,82.4,8.4,78.0,0.0,High,79.2,4.6,66.9,True
202.0,Sofia Moore,MALE,71.0,11.8,79.8,1.0,HIGH,72.1,1.9,108.7,True
162.0,Evelyn Moore,Male,82.5,11.9,67.5,0.0,Medium,76.0,4.5,65.6,False
556.0,Amelia Jones,MALE,83.6,12.6,73.6,0.0,Low,,2.4,67.1,False
730.0,Evelyn Brown,Male,87.5,7.8,100.0,0.0,Low,75.3,3.3,89.7,False
402.0,Emily Davis,female,71.2,19.8,83.6,1.0,LOW,74.6,2.4,59.5,
703.0,,Male,95.0,,81.4,0.0,,90.6,1.6,44.2,True
477.0,Elizabeth Moore,Female,81.7,5.4,89.4,1.0,Medium,73.3,4.0,94.1,True
822.0,Evelyn Sanchez,female,82.1,20.6,44.5,2.0,LOW,56.3,2.4,79.6,False
,Charlotte Anderson,male,,25.1,83.5,1.0,Medium,85.1,0.4,52.9,True
106.0,Emily Garcia,Male,75.7,10.4,95.1,1.0,HIGH,85.2,0.1,72.3,True
566.0,Noah Thomas, Male ,67.3,16.1,63.4,1.0,medium,78.0,1.7,75.1,True
390.0,Emma Walker,Female,88.6,21.9,65.3,0.0,high,78.7,2.5,102.9,False
2.0,Emily Sanchez, Male ,,8.1,,2.0,MEDIUM,72.7,2.8,86.1,False
954.0,Benjamin Thomas,Male,,13.9,66.0,0.0,High,70.1,1.7,89.5,False
522.0,Emma Harris,Male,76.4,25.3,71.9,2.0,Low,78.4,1.0,101.3,True
562.0,Sarah Davis,MALE,74.1,25.0,79.3,3.0,Low,87.2,-0.7,83.8,False
932.0,Daniel Moore,Female,89.1,5.6,90.4,1.0,Low,70.3,2.2,76.8,False
81.0,David Walker,Female,79.4,18.9,77.1,1.0,Medium,90.9,4.1,11.2,True
206.0,Noah Walker,female,75.0,16.7,56.0,0.0,medium,76.9,3.8,90.8,True
35.0,Sebastian Johnson,Female,78.5,22.5,92.3,0.0,High,91.8,2.9,100.6,True
776.0,David Brown,Male,,19.3,82.2,0.0,High,83.8,2.4,42.2,False
509.0,Ava Lewis,MALE,77.7,28.2,67.6,2.0,Medium,86.2,3.0,75.8,False
428.0,Jackson Walker,Male,84.0,16.8,70.0,0.0,Medium,80.1,3.0,91.6,False
,Harper Lee,Female,93.9,18.1,48.2,0.0,Low,63.2,3.3,72.2,True
367.0,Lucas Martinez,Male,90.6,27.1,85.3,2.0,Medium,100.0,3.2,94.5,
92.0,Jackson Thomas,Male,74.8,15.4,,0.0,Medium,57.4,3.5,94.0,False
340.0,David Taylor, Male ,77.6,12.1,74.4,1.0,Low,69.9,2.3,61.6,False
898.0,Sarah Robinson,Female,85.2,12.9,,1.0,High,81.7,-3.8,68.8,True
565.0,Sebastian Martin,Male,68.7,15.0,64.4,1.0,high,76.2,2.5,48.3,False
346.0,Noah Allen,MALE,62.8,16.7,43.5,2.0,Medium,69.0,2.7,61.6,False
777.0,Benjamin Martinez,Female,81.6,22.6,77.5,0.0,Medium,81.2,2.4,51.0,True
242.0,Harper Clark,FEMALE,77.1,9.3,64.3,2.0,High,79.4,1.5,108.6,True
14.0,Matthew Martinez,Female,59.4,19.5,81.6,4.0,High,83.1,1.6,77.8,False
316.0,Evelyn Rodriguez,Male,85.0,31.8,63.8,0.0,Medium,85.5,4.2,69.2,False
601.0,Ethan Martinez,Female,67.5,23.1,,0.0,Medium,75.4,4.5,94.0,False
388.0,Jackson Martinez,Female,70.8,12.3,100.0,1.0,Medium,93.8,-4.6,78.6,True
274.0,David White,Male,67.6,13.2,70.5,0.0,Low,72.1,3.1,51.8,False
167.0,Sophia Smith,Male,58.6,24.1,75.6,2.0, Medium ,83.5,3.6,53.7,True
841.0,Ava Taylor,Male,77.1,19.3,69.7,1.0,MEDIUM,76.6,0.3,73.9,True
812.0,Sebastian Thompson,Male,71.1,14.0,62.0,1.0,MEDIUM,62.9,3.9,44.4,False
647.0,,Female,96.0,20.6,46.0,1.0,Low,78.1,5.6,47.6,False
819.0,Evelyn Jones,Male,76.5,11.4,70.5,1.0,Medium,70.2,3.7,72.4,False
485.0,Mia Taylor,Male,78.2,15.2,89.8,0.0,Low,65.8,2.6,54.1,False
999.0,David Rodriguez, Male ,63.6,14.6,68.1,2.0,Medium,72.4,-2.4,48.3,True
505.0,Ava Lee,Male,74.7,16.2,72.1,2.0,Low,75.2,5.3,64.8,False
832.0,Noah Young,Female,93.4,17.7,56.1,2.0,High,83.5,3.2,83.9,True
244.0,Evelyn Moore,,58.7,23.1,65.6,1.0,HIGH,75.9,2.1,59.1,False
567.0,Liam Allen,female,87.7,20.4,67.3,0.0,HIGH,77.7,2.6,82.4,False
876.0,Amelia Brown,Female,82.8,14.3,64.7,1.0,,77.0,-2.5,73.9,True
563.0,,Female,83.3,18.4,58.7,1.0,MEDIUM,79.7,1.4,53.9,False
971.0,,Female,66.8,6.4,74.4,0.0,Medium,64.6,3.6,55.4,True
687.0,Benjamin Taylor,MALE,72.6,21.0,76.1,0.0,Medium,73.3,2.0,87.7,False
958.0,Evelyn Jackson,Male,75.7,21.7,78.7,0.0, High ,87.9,3.3,71.1,True
190.0,Sophia Smith,FEMALE,75.1,30.4,75.6,0.0,Low,78.6,1.5,96.3,True
783.0,Michael Smith,Female,68.1,17.6,62.4,1.0,medium,64.4,5.5,67.0,False
700.0,Alex Young,Male,74.6,11.8,80.5,2.0,medium,87.2,1.1,104.3,False
476.0,Emily Martinez,male,,0.0,77.5,0.0,Medium,68.6,1.6,64.4,True
682.0,Emma Smith, Male ,78.7,34.2,100.0,1.0,High,100.0,0.8,107.3,True
511.0,Charlotte Wilson,Male,79.6,22.2,56.2,1.0,high,65.5,1.5,59.4,True
59.0,, Male ,78.8,19.3,75.2,0.0,,80.6,4.6,56.5,True
475.0,Evelyn Allen,MALE,68.5,11.5,79.8,0.0,High,75.0,3.0,114.2,False
561.0,Henry Rodriguez,Female,82.1,8.6,,0.0,Medium,73.1,1.0,61.5,False
857.0,,Female,79.1,15.0,82.4,0.0,high,77.1,-0.0,93.7,True
748.0,Sophia Anderson,Female,86.4,17.9,85.7,0.0,Medium,81.9,4.2,90.0,True
253.0,Olivia Williams,MALE,88.4,15.6,73.2,1.0,Medium,71.2,0.5,42.2,True
22.0,Isabella Williams,Female,,10.7,85.7,1.0,medium,84.9,3.0,91.9,True
314.0,Ava Lewis,male,99.1,15.0,,3.0,Low,96.3,2.6,81.9,False
460.0,Michael Jackson,Male,67.3,21.5,79.7,0.0,High,87.8,3.6,55.4,True
161.0,,Female,87.8,11.9,78.9,0.0,Medium,81.2,1.4,64.6,False
277.0,Lucas Thompson, Male ,68.3,10.3,69.1,1.0,High,65.0,3.9,87.2,True
956.0,Ethan Taylor,FEMALE,95.6,16.4,64.6,1.0,MEDIUM,86.1,2.1,60.1,False
192.0,Ethan Rodriguez, Male ,94.7,4.6,78.1,1.0,Low,77.4,3.6,56.5,False
386.0,Michael Davis,Female,61.6,9.7,47.0,1.0,Medium,70.0,4.2,105.2,True
806.0,Emily Johnson,Female,89.9,18.4,69.3,0.0,Medium,78.2,1.0,84.5,False
414.0,Michael Clark,Female,70.1,4.6,60.5,4.0,MEDIUM,62.5,2.2,53.4,True
492.0,Sebastian Moore,,84.5,20.5,100.0,3.0,High,91.3,3.5,101.1,False
344.0,Amelia Lee,FEMALE,77.9,10.1,78.6,4.0,medium,75.4,0.9,71.6,False
770.0,Isabella Garcia,female,84.8,,85.9,2.0,Medium,81.6,0.5,39.9,True
309.0,Sophia Taylor,Male,72.8,21.0,86.1,0.0,Low,73.9,3.5,87.8,False
662.0,Matthew Perez,,82.4,17.1,83.8,1.0,Low,86.7,3.6,79.4,False
131.0,Henry Taylor,Female,68.1,11.0,74.4,0.0,MEDIUM,69.1,4.0,105.2,False
664.0,Liam Martin,male,82.7,19.3,79.3,2.0,High,93.2,2.2,108.2,False
872.0,Liam Miller,Female,66.5,15.8,60.7,2.0,High,81.2,2.7,67.8,False
100.0,Emma Thomas,MALE,80.5,24.9,65.1,2.0,MEDIUM,84.6,3.5,53.7,False
373.0,Benjamin Thomas,male,70.8,21.8,72.9,0.0,Low,82.8,-0.7,55.2,
88.0,Sophia Allen,Female,74.0,28.1,87.6,0.0,Medium,92.6,0.3,84.0,False
459.0,,Male,78.8,9.9,77.7,0.0,MEDIUM,63.8,2.0,39.5,True
331.0,Henry Thomas,,65.4,24.9,69.3,0.0,Low,64.0,0.7,80.6,True
215.0,Matthew Williams,Male,79.7,14.6,58.7,1.0,,78.2,3.3,81.8,
467.0,Emma Thompson,Male,76.2,20.8,84.5,2.0, Medium ,95.3,-2.0,95.0,False
122.0,Daniel Williams,Female,80.5,21.8,99.7,1.0,medium,91.8,5.3,74.5,True
615.0,Daniel Johnson,Male,,23.6,60.4,0.0,,80.4,3.3,61.7,True
21.0,Amelia Johnson, Male ,86.5,26.9,69.0,0.0,Medium,,-0.7,105.1,False
,Amelia Davis,Female,76.8,15.7,59.0,0.0,Medium,81.7,1.7,49.4,False
72.0,Olivia Miller,,85.1,19.3,72.8,3.0, Medium ,80.4,2.3,62.3,False
107.0,,Female,70.4,17.2,83.6,4.0,low,89.5,0.2,103.5,True
271.0,Ava Anderson,Male,81.1,9.0,66.2,,Medium,67.0,-5.6,92.0,False
861.0,Charlotte Sanchez,Male,86.2,6.4,66.4,2.0,Medium,75.6,4.6,60.1,False
436.0,Michael Brown,FEMALE,76.2,8.7,55.8,1.0,low,63.1,3.2,100.3,True
103.0,Jackson Walker,male,73.8,24.0,59.9,0.0,MEDIUM,76.0,2.0,69.5,False
