Gender,AttendanceRate,StudyHoursPerWeek,PreviousGrade,ExtracurricularActivities,ParentalSupport,FinalGrade,Online Classes Taken,PerformanceLevel,Gender_enc,ParentalSupport_enc,OnlineClasses_enc,StudentID,Name,PredictedLevel
Male,73.9,17.3,89.4,1.0,Low,82.2,False,Average,1,0,0,529.0,Sofia Smith,Average
Male,78.5,16.0,85.5,0.0,High,81.0,True,Average,1,2,1,915.0,Harper Martinez,High
Male,81.8,19.1,68.2,1.0,Medium,81.4,False,Average,1,1,0,588.0,Alex Williams,Average
Male,81.8,11.8,63.5,1.0,High,80.0,True,Average,1,2,1,32.0,Liam Garcia,Average
Female,85.2,23.4,69.9,1.0,High,81.4,False,Average,0,2,0,137.0,Ethan Harris,Average
Female,89.3,7.5,87.0,1.0,Low,71.1,False,Average,0,0,0,731.0,,Average
Male,71.7,20.5,79.8,1.0,Medium,88.2,True,High,1,1,1,299.0,Ava Jackson,High
Male,84.9,20.3,68.6,3.0,High,95.0,True,High,1,2,1,947.0,Charlotte Jones,High
Male,85.9,14.0,70.1,1.0,Medium,82.0,False,Average,1,1,0,399.0,Ava Smith,Average
Female,63.9,13.2,83.6,2.0,Medium,71.0,True,Average,0,1,1,598.0,Emily Harris,Average
Female,97.8,3.9,73.4,1.0,High,75.6,True,Average,0,2,1,952.0,Sophia Perez,Average
Female,81.1,11.9,62.5,1.0,High,89.9,False,High,0,2,0,,Noah Moore,High
Female,63.5,22.6,57.3,1.0,High,69.2,True,Low,0,2,1,335.0,Mia Martin,Low
Male,88.6,13.5,83.2,0.0,Medium,73.2,False,Average,1,1,0,553.0,Jackson Jackson,Average
Male,70.1,13.9,62.7,3.0,Medium,65.2,False,Low,1,1,0,895.0,Matthew Jones,Low
Male,84.1,11.1,74.5,0.0,Medium,71.4,True,Average,1,1,1,650.0,Elizabeth Lewis,Average
Male,90.7,24.0,81.6,0.0,Medium,82.0,True,Average,1,1,1,637.0,Noah Jones,Average
Male,99.1,19.8,72.6,1.0,High,88.8,False,High,1,2,0,297.0,Elizabeth Davis,High
Male,79.9,15.8,79.1,1.0,Medium,79.8,False,Average,1,1,0,808.0,Michael Moore,Average
Male,78.3,16.4,78.8,0.0,Medium,83.0,False,Average,1,1,0,409.0,David Smith,Average
Female,91.8,20.9,69.4,1.0,Medium,85.0,True,High,0,1,1,942.0,Benjamin Davis,High
Male,100.0,10.7,74.6,1.0,High,79.7,False,Average,1,2,0,583.0,Michael Jackson,Average
Male,62.7,5.7,82.9,2.0,Medium,78.8,False,Average,1,1,0,60.0,Daniel Martinez,Average
Female,85.8,16.2,89.7,1.0,Medium,82.5,True,Average,0,1,1,169.0,James Allen,Average
Male,86.8,11.1,76.1,1.0,Low,68.0,False,Low,1,0,0,395.0,Abigail Miller,Low
Female,91.4,17.5,66.0,0.0,Low,68.4,True,Low,0,0,1,784.0,Michael Young,Average
Female,88.0,22.6,100.0,1.0,Medium,96.2,False,High,0,1,0,744.0,Ava Smith,High
Male,71.3,22.2,91.8,2.0,Medium,90.5,False,High,1,1,0,140.0,Mia Martin,High
Female,84.7,30.8,67.2,2.0,Low,91.8,False,High,0,0,0,603.0,Matthew Ramirez,High
Male,84.4,17.3,81.3,1.0,High,78.5,True,Average,1,2,1,245.0,Ethan Robinson,Average
Male,87.6,18.0,67.3,1.0,Low,72.3,False,Average,1,0,0,661.0,Olivia Perez,Average
Female,82.9,23.6,71.3,0.0,Medium,76.9,False,Average,0,1,0,482.0,Jackson Smith,Average
Female,68.6,9.5,78.4,0.0,Medium,77.6,False,Average,0,1,0,260.0,Harper Ramirez,Average
Male,83.6,8.5,61.9,0.0,Low,68.9,False,Low,1,0,0,406.0,Amelia Jones,Low
Male,83.6,18.6,60.7,1.0,Medium,69.6,False,Low,1,1,0,108.0,Evelyn Walker,Low
Female,94.2,20.1,74.2,1.0,High,97.1,True,High,0,2,1,363.0,Liam Wilson,High
Female,83.0,32.05,63.0,1.0,Medium,84.9,False,Average,0,1,0,965.0,David Ramirez,High
Female,81.1,20.1,80.9,2.0,High,85.1,False,High,0,2,0,211.0,Noah Perez,High
Male,66.3,9.8,74.0,1.0,High,68.6,True,Low,1,2,1,232.0,Elizabeth Sanchez,Low
Female,81.6,12.9,94.2,2.0,Medium,85.5,False,High,0,1,0,930.0,Harper Young,High
Male,86.8,26.4,65.0,2.0,High,95.8,True,High,1,2,1,347.0,Charlotte Lewis,High
Male,85.0,16.2,87.1,0.0,Medium,83.8,True,Average,1,1,1,537.0,Mia Jones,Average
Male,74.7,3.4,72.5,2.0,Medium,71.5,True,Average,1,1,1,97.0,Noah Lewis,Average
Male,89.5,10.8,86.3,1.0,Medium,71.8,False,Average,1,1,0,77.0,Sophia Harris,Average
Female,82.9,10.9,74.5,1.0,Medium,77.2,False,Average,0,1,0,345.0,Sofia Garcia,Average
Female,100.0,20.6,74.5,0.0,High,90.8,True,High,0,2,1,310.0,Michael Lewis,High
Male,83.1,15.1,86.7,1.0,High,86.8,False,High,1,2,0,658.0,Ethan Robinson,High
Male,76.0,10.3,71.8,1.0,Medium,76.7,False,Average,1,1,0,998.0,James Allen,Average
Female,94.1,9.9,69.6,2.0,Medium,94.4,True,High,0,1,1,899.0,Alex Sanchez,High
Female,86.1,13.2,88.3,1.0,High,85.7,False,High,0,2,0,621.0,Mia Davis,High
Female,87.0,22.5,74.7,0.0,High,84.3,True,Average,0,2,1,855.0,Ava Brown,Average
Male,81.8,13.2,56.5,0.0,Medium,70.6,True,Average,1,1,1,11.0,Amelia Rodriguez,Average
Male,97.7,17.0,98.5,2.0,Medium,88.5,False,High,1,1,0,900.0,Ethan Wilson,High
Male,85.0,12.5,96.4,0.0,Low,81.5,False,Average,1,0,0,329.0,,Average
Female,88.3,20.1,58.9,3.0,Medium,75.5,False,Average,0,1,0,704.0,Olivia Garcia,Average
Male,80.1,14.6,93.5,1.0,High,77.5,False,Average,1,2,0,278.0,Emily Clark,Average
Male,74.3,18.3,71.6,2.0,High,75.5,True,Average,1,2,1,291.0,Jackson Davis,Average
Female,81.8,14.9,64.1,1.0,Medium,82.9,False,Average,0,1,0,199.0,James Ramirez,Average
Female,72.2,22.4,91.2,0.0,Medium,85.8,False,High,0,1,0,324.0,Sofia Robinson,High
Male,88.5,16.4,72.6,0.0,Medium,81.8,True,Average,1,1,1,891.0,Alex Garcia,Average
Female,84.3,16.2,71.3,1.0,Medium,80.0,False,Average,0,1,0,533.0,Emma Walker,Average
Female,75.8,20.9,60.5,1.0,Low,70.6,False,Average,0,0,0,31.0,Mia Moore,Average
Female,73.9,10.9,64.8,2.0,High,74.0,False,Average,0,2,0,782.0,Evelyn Wilson,Average
Female,83.5,12.3,85.1,2.0,High,80.8,False,Average,0,2,0,897.0,Amelia Lee,Average
Female,65.2,16.2,79.3,0.0,Medium,74.0,True,Average,0,1,1,55.0,Lucas Williams,Average
Female,85.3,15.8,90.7,3.0,Medium,85.2,True,High,0,1,1,24.0,Sofia Lewis,Average
Male,87.6,22.9,93.7,0.0,Medium,83.6,False,Average,1,1,0,71.0,Emily White,High
Female,83.5,16.1,62.4,0.0,High,85.7,False,High,0,2,0,448.0,David Young,High
Male,86.6,8.9,58.4,2.0,Medium,73.3,False,Average,1,1,0,4.0,Mia Robinson,Average
Male,84.6,0.45000000000000284,82.2,1.0,High,64.5,False,Low,1,2,0,248.0,,Average
Male,81.8,19.2,79.9,2.0,High,92.7,False,High,1,2,0,889.0,John Johnson,High
Male,89.0,7.8,66.4,1.0,Low,80.4,False,Average,1,0,0,827.0,Daniel Brown,Average
Male,76.4,11.9,62.7,1.0,High,63.4,False,Low,1,2,0,412.0,Liam Martin,Low
Male,89.5,10.5,81.2,1.0,High,81.0,False,Average,1,2,0,890.0,,Average
Female,80.2,17.5,64.3,0.0,Medium,78.5,False,Average,0,1,0,887.0,Sarah Thompson,Average
Female,84.8,16.6,84.8,0.0,Medium,80.1,False,Average,0,1,0,978.0,Harper Wilson,Average
Male,60.2,14.2,83.4,1.0,Medium,75.7,False,Average,1,1,0,,Emily Brown,Average
Female,67.1,24.7,71.7,1.0,Medium,85.9,False,High,0,1,0,,Lucas Taylor,High
Male,84.9,9.5,54.4,0.0,Medium,59.2,False,Low,1,1,0,405.0,Lucas Garcia,Low
Male,86.4,19.3,57.0,0.0,Medium,71.7,False,Average,1,1,0,450.0,Ava Brown,Average
Male,81.8,11.8,89.0,0.0,Medium,77.3,False,Average,1,1,0,306.0,Emma White,Average
Male,83.0,13.8,91.6,1.0,Medium,81.4,True,Average,1,1,1,,Harper Johnson,Average
Male,70.2,23.4,82.1,1.0,Low,90.2,False,High,1,0,0,40.0,Ethan Ramirez,High
Female,72.0,2.4,79.1,1.0,High,72.9,False,Average,0,2,0,,Sarah Jackson,Average
Female,85.2,11.4,79.2,2.0,Low,72.7,True,Average,0,0,1,159.0,Amelia Anderson,Average
Male,91.1,13.6,69.6,2.0,High,74.7,False,Average,1,2,0,276.0,Lucas Harris,Average
Female,76.2,22.3,55.0,1.0,Low,68.9,False,Low,0,0,0,287.0,Emma Walker,Low
Male,61.9,16.0,74.5,2.0,High,79.7,False,Average,1,2,0,425.0,Benjamin Davis,Average
Female,81.8,13.8,59.1,0.0,Medium,66.3,True,Low,0,1,1,68.0,Isabella Thompson,Low
Female,83.4,16.3,76.4,1.0,High,81.3,False,Average,0,2,0,102.0,Olivia Moore,Average
Male,83.3,18.7,75.1,1.0,Medium,78.9,False,Average,1,1,0,200.0,David Perez,Average
Female,93.7,16.2,92.6,1.0,Low,80.2,False,Average,0,0,0,790.0,John Sanchez,Average
Male,87.8,18.3,71.1,4.0,Medium,96.7,False,High,1,1,0,559.0,,High
Male,84.0,17.3,61.5,1.0,Medium,83.2,True,Average,1,1,1,527.0,Sofia Martinez,Average
Male,75.1,17.1,47.9,1.0,High,76.5,False,Average,1,2,0,888.0,Olivia Taylor,Average
Male,82.5,5.6,69.2,1.0,Low,63.4,False,Low,1,0,0,618.0,Noah Jackson,Low
Female,68.0,14.4,92.2,2.0,Medium,80.0,True,Average,0,1,1,545.0,Jackson Miller,Average
Male,66.7,27.3,80.7,2.0,Medium,84.5,True,Average,1,1,1,923.0,Mia Ramirez,Average
Male,100.0,15.7,87.1,1.0,Medium,97.1,False,High,1,1,0,667.0,Amelia Sanchez,Average
Female,78.2,16.2,85.4,2.0,High,89.4,True,High,0,2,1,389.0,Sebastian Robinson,High
Male,71.9,15.2,65.6,2.0,Medium,86.4,True,High,1,1,1,255.0,Evelyn Thompson,High
Female,78.1,10.9,56.0,1.0,Medium,69.9,False,Low,0,1,0,281.0,Ava Sanchez,Low
Female,77.3,8.8,62.5,0.0,High,58.1,False,Low,0,2,0,449.0,Amelia Sanchez,Low
Female,78.1,18.2,83.6,0.0,High,85.5,True,High,0,2,1,101.0,Jackson Moore,Average
Male,87.5,5.6,65.9,0.0,Medium,77.4,True,Average,1,1,1,89.0,Emily Thompson,Average
Female,80.1,5.2,56.0,1.0,Medium,73.3,True,Average,0,1,1,64.0,Charlotte Harris,Low
Female,61.5,26.1,74.0,3.0,Medium,85.2,True,High,0,1,1,883.0,Mia Garcia,High
Male,70.6,15.4,46.9,1.0,Low,67.3,False,Low,1,0,0,433.0,Jackson Garcia,Low
Female,79.4,20.6,92.0,1.0,High,94.1,False,High,0,2,0,614.0,,High
Female,75.6,4.9,62.8,1.0,Medium,63.2,True,Low,0,1,1,939.0,Mia Young,Low
Female,74.4,13.0,57.7,2.0,Low,66.3,False,Low,0,0,0,584.0,Sarah Taylor,Low
Male,86.5,18.9,51.8,1.0,Medium,71.9,True,Average,1,1,1,214.0,Mia Robinson,Average
Male,66.1,18.8,85.2,0.0,Low,68.8,True,Low,1,0,1,110.0,Abigail Johnson,Average
Female,75.0,14.3,73.4,0.0,High,71.0,False,Average,0,2,0,918.0,Emily Moore,Average
Male,65.8,18.2,98.7,0.0,Medium,82.5,False,Average,1,1,0,216.0,Ava Brown,Average
Female,65.0,16.8,84.0,0.0,High,82.9,True,Average,0,2,1,953.0,Ethan Williams,Average
Female,63.1,11.3,78.8,1.0,Low,78.9,True,Average,0,0,1,517.0,Sebastian Moore,Average
Female,82.1,18.8,91.6,3.0,Medium,93.5,False,High,0,1,0,756.0,Mia Martinez,High
Male,77.5,21.8,69.7,1.0,Low,79.3,True,Average,1,0,1,311.0,Evelyn Jackson,Average
Male,81.7,17.5,84.0,0.0,High,92.2,True,High,1,2,1,665.0,Harper Jackson,High
Male,87.4,27.6,58.9,2.0,Medium,88.4,True,High,1,1,1,993.0,Olivia Rodriguez,High
Male,81.8,15.6,78.6,0.0,Medium,100.0,True,High,1,1,1,752.0,Emma Robinson,High
Male,79.5,17.6,58.6,0.0,Medium,74.0,True,Average,1,1,1,524.0,Jackson Jones,Average
Male,91.2,23.6,76.1,2.0,High,89.5,True,High,1,2,1,581.0,Alex Rodriguez,High
Female,86.8,3.7,75.1,0.0,Low,64.6,False,Low,0,0,0,560.0,Elizabeth Lewis,Low
Male,85.2,12.3,74.1,0.0,High,77.8,False,Average,1,2,0,674.0,Alex Sanchez,Average
Female,93.3,18.3,83.7,0.0,Medium,94.1,False,High,0,1,0,966.0,Harper Sanchez,High
Male,74.3,16.5,81.5,1.0,Low,72.2,False,Average,1,0,0,762.0,Henry Taylor,Average
Male,71.1,14.1,73.8,1.0,Medium,80.2,False,Average,1,1,0,600.0,,Average
Female,69.0,14.5,80.0,1.0,Medium,73.2,False,Average,0,1,0,313.0,Michael Clark,Average
Female,99.0,12.5,95.4,0.0,Medium,84.3,False,Average,0,1,0,514.0,Jackson Martinez,Average
Female,87.5,25.8,62.6,2.0,High,91.5,True,High,0,2,1,532.0,Emma Smith,High
Male,84.8,15.9,54.2,2.0,Medium,72.9,False,Average,1,1,0,209.0,Noah Rodriguez,Average
Male,74.5,25.6,90.7,0.0,Medium,87.7,False,High,1,1,0,487.0,James Jones,High
Male,58.2,21.5,63.8,2.0,High,92.3,False,High,1,2,0,865.0,Elizabeth Lewis,Average
Male,75.1,18.2,52.9,3.0,Low,79.6,False,Average,1,0,0,686.0,Jackson Jackson,Average
Female,83.0,16.6,79.5,1.0,High,78.3,False,Average,0,2,0,974.0,Lucas Wilson,Average
Male,100.0,14.0,60.0,3.0,High,93.1,True,High,1,2,1,540.0,John Perez,High
Male,84.1,16.2,71.3,0.0,Low,76.6,False,Average,1,0,0,56.0,Sarah Allen,Average
Female,93.9,10.1,82.7,0.0,Medium,80.1,False,Average,0,1,0,121.0,Mia Smith,Average
Female,94.4,26.5,91.9,1.0,Low,96.0,True,High,0,0,1,821.0,John Martinez,High
Male,73.9,15.3,88.0,0.0,Medium,78.0,True,Average,1,1,1,26.0,Evelyn Johnson,Average
Male,91.8,17.5,74.5,1.0,Medium,83.5,True,Average,1,1,1,73.0,Mia Sanchez,Average
Male,92.0,17.4,67.5,3.0,Low,72.6,True,Average,1,0,1,997.0,Amelia Martin,Average
Male,79.9,23.3,76.9,2.0,Medium,84.8,True,Average,1,1,1,45.0,Alex Harris,Average
Female,74.6,10.5,73.9,0.0,Low,63.3,False,Low,0,0,0,709.0,Lucas Davis,Average
Female,82.1,8.1,89.5,3.0,Medium,78.1,False,Average,0,1,0,757.0,Matthew Wilson,Average
Female,93.2,16.2,80.4,1.0,High,81.1,True,Average,0,2,1,907.0,Benjamin Rodriguez,Average
Female,62.5,12.2,78.2,1.0,Low,71.5,False,Average,0,0,0,351.0,Amelia Johnson,Average
Female,85.8,17.0,67.5,0.0,High,81.5,False,Average,0,2,0,604.0,Emma Martinez,Average
Female,73.5,18.5,79.5,0.0,Medium,74.6,False,Average,0,1,0,,Sofia Thompson,Average
Female,82.6,21.9,100.0,1.0,Medium,88.2,False,High,0,1,0,372.0,Evelyn Wilson,High
Female,100.0,20.8,74.5,3.0,Medium,77.6,True,Average,0,1,1,970.0,,Average
Male,82.6,12.0,88.5,1.0,Medium,85.6,True,High,1,1,1,657.0,Matthew Lewis,High
Male,84.8,22.8,72.9,1.0,Medium,90.9,False,High,1,1,0,175.0,Daniel Smith,High
Female,83.0,21.3,72.9,0.0,High,79.3,False,Average,0,2,0,589.0,Elizabeth Lewis,Average
Female,80.2,8.2,78.4,1.0,High,80.8,False,Average,0,2,0,737.0,Abigail Jackson,Average
Female,81.8,27.3,72.7,2.0,High,87.9,False,High,0,2,0,969.0,Sofia Lewis,High
Male,63.4,11.7,58.0,3.0,High,69.6,False,Low,1,2,0,723.0,Elizabeth Thompson,Low
Male,75.0,12.1,76.6,0.0,High,79.6,False,Average,1,2,0,210.0,Emily Young,Average
Male,77.6,10.1,66.7,0.0,Medium,71.1,False,Average,1,1,0,964.0,Liam Ramirez,Average
Female,69.3,14.7,66.3,1.0,Medium,70.8,False,Average,0,1,0,61.0,Sofia Clark,Average
Male,74.0,11.5,92.8,0.0,Medium,81.2,True,Average,1,1,1,480.0,Michael Taylor,Average
Female,75.5,0.9,70.1,1.0,High,56.5,True,Low,0,2,1,494.0,Ethan Martinez,Low
Female,88.2,16.8,79.4,0.0,Medium,78.4,False,Average,0,1,0,959.0,Charlotte Thompson,Average
Male,81.4,11.9,75.2,1.0,Medium,77.5,True,Average,1,1,1,465.0,John Lewis,Average
Male,89.2,17.8,74.5,4.0,Medium,84.0,False,Average,1,1,0,421.0,Sofia Young,Average
Male,86.8,16.2,79.9,1.0,Low,75.5,True,Average,1,0,1,717.0,Amelia Thompson,Average
Female,80.3,16.0,80.0,0.0,Medium,79.2,False,Average,0,1,0,606.0,Henry Robinson,Average
Male,93.2,13.4,88.1,1.0,Medium,85.9,True,High,1,1,1,,Noah Walker,High
Male,96.6,9.9,52.4,0.0,Medium,62.9,False,Low,1,1,0,320.0,Emily Anderson,Low
Male,73.2,17.8,73.4,1.0,Medium,75.5,False,Average,1,1,0,909.0,Isabella Johnson,Average
Female,76.2,16.7,84.2,0.0,Medium,85.2,True,High,0,1,1,257.0,Daniel Miller,High
Male,97.8,12.3,83.9,1.0,Medium,83.6,True,Average,1,1,1,,,High
Female,78.5,9.3,67.7,4.0,Medium,74.2,False,Average,0,1,0,676.0,,Average
Male,82.3,29.6,83.7,2.0,Medium,89.3,False,High,1,1,0,111.0,Ava Perez,High
Female,88.0,19.8,49.8,2.0,Medium,67.7,False,Low,0,1,0,719.0,Noah Taylor,Average
Male,75.8,18.0,74.7,1.0,Low,65.3,False,Low,1,0,0,786.0,Harper Davis,Low
Male,77.4,12.8,66.2,2.0,Medium,71.6,False,Average,1,1,0,356.0,Charlotte Moore,Average
Female,87.8,15.6,98.4,0.0,High,81.1,False,Average,0,2,0,768.0,Lucas Moore,High
Female,56.0,7.9,82.6,0.0,High,77.5,True,Average,0,2,1,,Noah Perez,Average
Male,93.1,9.4,73.0,0.0,Low,84.2,False,Average,1,0,0,,Emily Allen,Average
Female,86.9,29.8,84.3,1.0,Low,88.4,False,High,0,0,0,520.0,Harper Thomas,High
Female,83.0,22.8,89.8,0.0,Medium,89.6,False,High,0,1,0,424.0,Harper White,High
Male,88.3,20.4,89.0,2.0,Medium,100.0,False,High,1,1,0,550.0,,High
Female,94.9,16.2,81.6,1.0,High,96.8,False,High,0,2,0,753.0,Alex Perez,Average
Male,88.0,22.1,56.7,2.0,Medium,66.9,True,Low,1,1,1,443.0,Michael Young,Average
Male,100.0,16.9,73.0,0.0,Medium,78.6,True,Average,1,1,1,238.0,Benjamin Brown,Average
Male,80.2,23.0,51.1,2.0,Medium,78.0,True,Average,1,1,1,742.0,Matthew Sanchez,Average
Male,84.4,17.7,68.1,2.0,High,85.5,True,High,1,2,1,138.0,,Average
Male,94.3,22.7,75.4,0.0,Medium,75.0,False,Average,1,1,0,781.0,Sebastian Johnson,Average
Female,81.8,22.1,73.6,0.0,Low,77.9,False,Average,0,0,0,755.0,Henry Perez,Average
Male,90.9,20.5,90.6,1.0,Medium,98.5,False,High,1,1,0,290.0,Lucas Perez,High
Male,92.5,17.1,75.6,0.0,Low,77.4,True,Average,1,0,1,261.0,Emily Davis,Average
Female,84.3,12.4,80.0,2.0,Medium,74.8,True,Average,0,1,1,766.0,Emily Young,Average
Female,82.7,21.2,53.6,1.0,Medium,82.2,True,Average,0,1,1,300.0,John Smith,Average
Male,74.7,5.4,66.8,4.0,Medium,70.2,False,Average,1,1,0,219.0,Mia Ramirez,Average
Male,74.6,7.9,81.0,1.0,High,78.3,False,Average,1,2,0,788.0,Daniel Williams,Average
Female,66.4,13.6,71.9,1.0,Low,69.0,False,Low,0,0,0,429.0,John Rodriguez,Low
Female,81.0,9.0,65.2,1.0,Low,64.1,True,Low,0,0,1,627.0,James Lee,Low
Female,100.0,13.9,66.3,1.0,High,76.0,False,Average,0,2,0,729.0,Lucas Thomas,Average
Male,88.7,15.3,71.9,1.0,High,74.1,False,Average,1,2,0,366.0,Amelia Smith,Average
Male,72.7,19.7,85.4,0.0,Medium,70.2,False,Average,1,1,0,79.0,Henry Taylor,Average
Male,83.8,16.0,72.2,0.0,High,94.6,True,High,1,2,1,30.0,Mia Wilson,High
Female,93.0,22.5,72.3,0.0,High,92.8,True,High,0,2,1,295.0,,High
Male,70.4,24.5,74.5,2.0,Medium,93.0,False,High,1,1,0,478.0,John Anderson,Average
Female,79.4,20.5,67.7,1.0,Medium,81.8,True,Average,0,1,1,656.0,Amelia Miller,Average
Female,93.3,15.1,99.3,1.0,Medium,93.3,False,High,0,1,0,166.0,Jackson Brown,High
Male,83.3,4.5,79.7,2.0,Medium,70.7,False,Average,1,1,0,815.0,Emily Robinson,Average
Female,82.1,20.0,77.8,3.0,Medium,71.4,True,Average,0,1,1,179.0,Sofia Davis,Average
Male,69.7,16.1,64.9,1.0,Medium,75.9,True,Average,1,1,1,483.0,Noah Rodriguez,Average
Female,92.8,20.1,93.8,1.0,Medium,91.8,False,High,0,1,0,66.0,Sophia Anderson,High
Female,93.3,24.5,100.0,0.0,Low,88.0,True,High,0,0,1,,Liam Wilson,High
Male,84.2,3.2,75.3,2.0,High,74.8,False,Average,1,2,0,495.0,Ava Taylor,Average
Male,84.7,11.3,70.5,1.0,Low,63.2,False,Low,1,0,0,,Sophia Taylor,Low
Female,55.162500000000016,21.6,66.3,1.0,Medium,65.0,False,Low,0,1,0,,Sofia Ramirez,Low
Male,73.0,21.5,74.1,1.0,Medium,78.0,False,Average,1,1,0,779.0,Ava Martinez,Average
Male,66.1,15.7,75.5,1.0,Low,66.6,True,Low,1,0,1,328.0,Sarah Williams,Average
Female,90.5,22.4,77.4,1.0,Medium,86.8,False,High,0,1,0,678.0,Alex Taylor,High
Male,60.4,12.0,62.3,1.0,Low,56.8,True,Low,1,0,1,434.0,Michael Martin,Low
Male,79.1,13.9,71.9,1.0,Medium,80.0,False,Average,1,1,0,746.0,James Allen,Average
Male,71.7,14.7,81.7,0.0,Low,74.6,True,Average,1,0,1,,Mia Martin,Average
Female,63.5,14.1,88.9,0.0,Low,71.9,False,Average,0,0,0,,Isabella Williams,Average
Female,86.1,21.7,65.5,1.0,Medium,79.0,False,Average,0,1,0,236.0,Abigail Wilson,Average
Male,83.0,12.0,52.8,0.0,Medium,59.1,False,Low,1,1,0,322.0,Michael Rodriguez,Low
Male,87.4,23.7,85.2,0.0,High,84.1,False,Average,1,2,0,193.0,Ethan Garcia,High
Female,70.8,18.8,74.1,1.0,Medium,76.4,False,Average,0,1,0,319.0,David Thomas,Average
Female,81.8,14.2,62.6,0.0,High,87.0,False,High,0,2,0,50.0,Emily Brown,Average
Male,76.6,12.6,65.3,0.0,Low,66.3,False,Low,1,0,0,741.0,Jackson Taylor,Low
Male,73.5,15.1,59.2,1.0,Low,69.1,True,Low,1,0,1,3.0,Evelyn Martin,Low
Female,81.8,16.2,100.0,0.0,Medium,92.9,True,High,0,1,1,446.0,Evelyn Johnson,High
Male,81.1,14.3,59.1,0.0,Medium,66.1,False,Low,1,1,0,920.0,Evelyn Jackson,Low
Male,80.4,15.3,71.7,1.0,Medium,80.3,True,Average,1,1,1,250.0,Sarah Allen,Average
Male,67.1,22.0,70.4,1.0,High,83.8,False,Average,1,2,0,760.0,Abigail Lee,Average
Female,89.7,17.8,89.8,1.0,High,85.1,True,High,0,2,1,362.0,Sebastian Williams,High
Female,97.5,22.4,57.9,2.0,High,87.7,False,High,0,2,0,963.0,Elizabeth Jones,High
Female,71.3,11.4,77.9,0.0,Medium,76.5,False,Average,0,1,0,34.0,Henry Martinez,Average
Male,93.9,13.5,73.0,1.0,High,83.1,False,Average,1,2,0,205.0,Mia Thompson,Average
Male,91.7,30.3,66.7,2.0,Medium,100.0,False,High,1,1,0,534.0,Ava Garcia,High
Female,74.8,13.6,92.0,4.0,Low,89.6,False,High,0,0,0,685.0,Olivia Wilson,High
Male,77.4,18.9,75.1,0.0,Low,74.2,False,Average,1,0,0,747.0,Amelia Allen,Average
Male,65.1,6.3,71.0,1.0,Medium,71.1,False,Average,1,1,0,78.0,Liam Jones,Average
Male,95.6,15.7,71.8,1.0,High,78.9,False,Average,1,2,0,85.0,Ethan Miller,Average
Female,90.8,19.5,78.6,1.0,Medium,84.7,False,Average,0,1,0,383.0,David Wilson,Average
Male,84.4,14.1,73.2,3.0,Medium,71.5,False,Average,1,1,0,83.0,Emma Young,Average
Male,76.1,15.0,58.4,3.0,Medium,73.3,True,Average,1,1,1,381.0,John Allen,Average
Male,87.4,16.2,66.3,0.0,Medium,71.7,False,Average,1,1,0,430.0,Abigail Clark,Average
Female,90.3,18.9,69.3,1.0,High,87.4,True,High,0,2,1,878.0,Matthew Robinson,High
Female,68.4,24.3,64.1,3.0,Medium,75.4,False,Average,0,1,0,530.0,Sofia Walker,Average
Male,82.3,14.8,70.7,1.0,Low,76.0,False,Average,1,0,0,523.0,Olivia Garcia,Average
Female,86.5,14.7,69.7,0.0,Medium,65.5,False,Low,0,1,0,831.0,Noah Wilson,Low
Male,75.4,6.3,72.9,0.0,High,65.0,True,Low,1,2,1,293.0,David Thomas,Low
Male,82.4,11.4,99.8,1.0,Low,74.1,False,Average,1,0,0,6.0,Elizabeth Walker,Average
Male,81.8,20.5,78.9,1.0,Medium,84.5,False,Average,1,1,0,423.0,Matthew Lee,Average
Male,74.6,16.7,89.8,1.0,Medium,91.0,True,High,1,1,1,957.0,Benjamin Jackson,Average
Female,89.7,21.0,79.9,0.0,Medium,82.7,False,Average,0,1,0,98.0,Daniel Sanchez,Average
Male,96.8,19.9,65.9,0.0,Medium,82.4,True,Average,1,1,1,282.0,Lucas Sanchez,Average
Male,79.2,15.6,70.8,0.0,Medium,66.2,False,Low,1,1,0,645.0,Emily Brown,Low
Male,80.1,20.7,69.2,0.0,High,83.0,False,Average,1,2,0,884.0,Emma Lewis,Average
Female,72.6,10.6,74.5,1.0,High,84.9,False,Average,0,2,0,267.0,Mia Johnson,Average
Male,71.2,16.2,74.5,0.0,Low,84.0,True,Average,1,0,1,440.0,Isabella Young,Average
Male,69.8,10.4,74.5,1.0,High,66.3,False,Low,1,2,0,592.0,Sofia Wilson,Low
Male,81.8,10.9,77.6,1.0,High,84.8,True,Average,1,2,1,787.0,John Garcia,Average
Male,73.9,20.1,74.5,1.0,Low,69.1,True,Low,1,0,1,663.0,Sarah Garcia,Average
Female,88.2,18.5,61.2,2.0,High,81.5,False,Average,0,2,0,892.0,Abigail Davis,Average
Female,59.9,16.2,81.7,2.0,Medium,81.7,True,Average,0,1,1,119.0,Noah Harris,Average
Male,82.1,20.2,100.0,2.0,Medium,90.8,False,High,1,1,0,848.0,Sarah Martin,High
Female,76.2,15.7,80.6,0.0,High,80.0,False,Average,0,2,0,251.0,Olivia Davis,Average
Male,91.3,20.7,77.2,2.0,Low,77.3,True,Average,1,0,1,358.0,Sebastian Jones,High
Female,74.2,13.1,91.2,1.0,High,81.4,False,Average,0,2,0,451.0,David Rodriguez,Average
Female,64.3,16.1,86.2,2.0,Medium,73.0,True,Average,0,1,1,10.0,Alex Jackson,Average
Male,85.9,17.6,72.2,1.0,Medium,85.8,True,High,1,1,1,197.0,James Harris,High
Female,81.7,15.9,43.85,0.0,Low,69.5,True,Low,0,0,1,617.0,Noah Clark,Low
Male,90.4,18.4,79.2,1.0,Medium,93.2,False,High,1,1,0,82.0,Mia Allen,High
Female,69.2,21.8,84.2,3.0,Medium,86.3,False,High,0,1,0,817.0,Sarah Davis,High
Male,81.6,21.0,76.1,2.0,Medium,81.9,False,Average,1,1,0,893.0,Amelia Robinson,Average
Female,84.0,10.8,60.3,0.0,Medium,77.8,False,Average,0,1,0,240.0,Ethan Johnson,Low
Male,69.8,5.1,86.1,0.0,Low,74.7,False,Average,1,0,0,307.0,Sophia Davis,Average
Female,66.0,24.6,81.3,1.0,High,81.3,False,Average,0,2,0,212.0,Abigail Clark,High
Female,72.7,11.1,84.9,2.0,Medium,76.5,False,Average,0,1,0,732.0,Benjamin Walker,Average
Male,89.7,22.0,85.7,3.0,Medium,82.2,False,Average,1,1,0,591.0,Jackson Sanchez,Average
Female,84.5,14.6,80.1,0.0,High,85.6,False,High,0,2,0,228.0,Harper Allen,High
Male,65.4,11.2,62.1,0.0,Medium,61.9,True,Low,1,1,1,933.0,Noah Lewis,Low
Female,85.9,11.4,66.9,1.0,High,83.7,True,Average,0,2,1,536.0,Emma Smith,Average
Male,71.1,14.0,62.0,1.0,Medium,62.9,False,Low,1,1,0,812.0,Sebastian Thompson,Low
Male,81.8,14.7,91.0,1.0,Medium,86.8,True,High,1,1,1,178.0,Emma Garcia,Average
Male,81.5,21.2,67.5,3.0,High,85.3,False,High,1,2,0,789.0,Henry Moore,Average
Male,82.1,22.6,73.9,1.0,High,80.7,False,Average,1,2,0,382.0,David Rodriguez,Average
Male,82.6,9.0,66.3,1.0,High,69.6,False,Low,1,2,0,491.0,Sofia Rodriguez,Low
Female,81.9,15.3,93.6,0.0,Medium,86.9,False,High,0,1,0,332.0,Isabella Harris,High
Female,73.1,19.5,61.1,1.0,Medium,71.1,False,Average,0,1,0,935.0,Mia Jones,Average
Male,68.4,23.9,52.2,1.0,High,78.2,False,Average,1,2,0,8.0,Daniel Jackson,Average
Male,87.3,11.9,85.3,1.0,Low,71.8,False,Average,1,0,0,156.0,Evelyn Lee,Average
Male,99.8,13.9,78.1,1.0,Low,78.2,True,Average,1,0,1,552.0,Isabella Lewis,Average
Male,96.7,16.4,80.7,3.0,High,82.9,False,Average,1,2,0,868.0,Elizabeth Sanchez,Average
Female,81.8,13.3,85.4,1.0,Medium,76.6,False,Average,0,1,0,597.0,Harper Thompson,Average
Male,57.6,16.2,74.5,1.0,High,55.4,False,Low,1,2,0,916.0,Mia Jackson,Low
Female,88.8,7.6,80.8,0.0,Medium,74.1,True,Average,0,1,1,793.0,Abigail Wilson,Average
Female,100.0,3.3,72.1,1.0,Medium,78.4,True,Average,0,1,1,818.0,Michael Davis,Average
Female,62.3,13.8,71.3,2.0,Medium,80.7,False,Average,0,1,0,352.0,,Average
Male,70.8,24.5,75.7,1.0,Low,75.9,True,Average,1,0,1,590.0,Elizabeth Smith,Average
Male,73.0,2.8,92.1,0.0,Low,67.2,True,Low,1,0,1,951.0,Alex Walker,Low
Female,72.1,11.0,66.7,2.0,Low,64.8,True,Low,0,0,1,579.0,,Low
Female,66.5,21.9,58.6,0.0,Medium,80.6,True,Average,0,1,1,437.0,Harper Taylor,Average
Female,85.6,22.1,95.3,2.0,Low,87.7,True,High,0,0,1,826.0,Alex Walker,High
Male,85.7,13.3,81.9,0.0,High,89.4,True,High,1,2,1,595.0,Sophia Harris,High
Female,84.3,7.0,76.0,0.0,Low,67.3,False,Low,0,0,0,722.0,Sofia Sanchez,Average
Male,71.2,15.2,64.9,1.0,Medium,61.0,False,Low,1,1,0,,David Anderson,Average
Male,79.6,8.3,97.9,1.0,High,85.8,False,High,1,2,0,975.0,Emma Martin,High
Male,80.6,23.7,100.0,1.0,Medium,100.0,True,High,1,1,1,229.0,Henry Jones,High
Male,89.5,10.5,63.4,1.0,High,74.0,False,Average,1,2,0,371.0,James Robinson,Average
Female,100.0,18.7,71.9,0.0,High,91.7,True,High,0,2,1,837.0,Jackson Young,High
Female,83.4,13.2,81.8,0.0,Medium,70.8,False,Average,0,1,0,213.0,Emily Thomas,Average
Male,97.2,19.8,65.2,1.0,Low,80.4,True,Average,1,0,1,80.0,Daniel Lewis,Average
Female,79.8,21.0,84.4,2.0,High,88.3,False,High,0,2,0,149.0,Jackson White,High
Female,75.7,16.2,78.6,3.0,High,87.4,False,High,0,2,0,303.0,John White,Average
Female,84.7,13.5,68.7,3.0,High,89.4,False,High,0,2,0,353.0,Ava Moore,High
Female,79.0,21.2,72.4,1.0,Medium,69.0,False,Low,0,1,0,343.0,Ethan Brown,Low
Male,79.4,21.1,71.4,0.0,Low,80.0,False,Average,1,0,0,360.0,Matthew Wilson,Average
Male,87.9,13.0,59.8,3.0,High,79.4,True,Average,1,2,1,940.0,Amelia Miller,Average
Female,76.7,20.9,67.2,3.0,High,76.0,False,Average,0,2,0,539.0,Henry Harris,Average
Male,74.7,20.3,80.4,1.0,Medium,89.3,False,High,1,1,0,134.0,Henry Sanchez,Average
Male,80.7,27.6,63.5,3.0,High,85.3,False,High,1,2,0,980.0,Henry Clark,High
Male,82.7,19.5,58.9,0.0,High,80.7,True,Average,1,2,1,312.0,Daniel Wilson,Average
Female,86.2,22.5,59.7,2.0,High,82.2,True,Average,0,2,1,811.0,Sarah Davis,Average
Male,95.7,15.0,75.5,2.0,Medium,92.8,False,High,1,1,0,853.0,David Thomas,High
Male,80.1,25.7,85.4,0.0,High,84.8,True,Average,1,2,1,804.0,Sofia Davis,Average
Female,91.6,8.4,76.2,2.0,Medium,87.7,False,High,0,1,0,,Alex Ramirez,High
Male,68.5,19.3,64.1,0.0,High,85.4,True,High,1,2,1,317.0,Abigail Harris,High
Female,100.0,10.1,89.5,0.0,High,89.2,True,High,0,2,1,721.0,Emma Williams,High
Female,75.4,22.3,86.6,4.0,High,91.8,True,High,0,2,1,558.0,Sebastian Clark,High
Female,87.1,27.3,100.0,2.0,High,100.0,False,High,0,2,0,452.0,Sofia Johnson,High
Female,86.3,27.8,78.3,1.0,High,95.2,True,High,0,2,1,543.0,Olivia Williams,High
Female,76.1,27.7,65.1,3.0,High,77.9,False,Average,0,2,0,500.0,Benjamin Lewis,High
Female,83.9,19.3,73.9,3.0,High,87.3,True,High,0,2,1,666.0,Daniel Anderson,High
Female,83.5,15.7,67.2,2.0,Low,79.3,False,Average,0,0,0,173.0,Emily Anderson,Average
Male,65.8,22.0,99.4,2.0,High,96.9,True,High,1,2,1,126.0,Henry Lewis,High
Male,71.2,20.1,82.3,0.0,High,79.4,False,Average,1,2,0,712.0,Amelia Moore,Average
Male,76.5,12.6,82.7,1.0,High,88.5,False,High,1,2,0,441.0,Charlotte Clark,High
Female,91.1,16.2,67.3,1.0,High,87.5,False,High,0,2,0,653.0,Liam Johnson,High
Female,82.4,10.2,69.3,2.0,Low,73.0,True,Average,0,0,1,919.0,Noah Thomas,Average
Female,66.3,5.9,66.1,1.0,Medium,69.6,False,Low,0,1,0,91.0,Mia Jackson,Low
Female,89.7,12.8,91.8,1.0,Medium,81.3,True,Average,0,1,1,989.0,Noah Miller,Average
Male,87.0,15.5,95.0,1.0,High,92.7,True,High,1,2,1,182.0,Emma Walker,High
Male,88.4,9.8,72.5,0.0,High,80.1,False,Average,1,2,0,364.0,Sebastian Miller,Average
Male,76.8,15.8,75.9,0.0,High,77.6,False,Average,1,2,0,275.0,,Average
Male,71.0,14.5,56.3,0.0,Medium,76.4,True,Average,1,1,1,911.0,Emily Williams,Average
Male,88.2,12.7,73.7,1.0,High,81.4,False,Average,1,2,0,70.0,Lucas Smith,Average
Male,75.8,13.6,67.4,0.0,High,73.9,True,Average,1,2,1,292.0,Ava Lewis,Average
Female,67.9,29.0,91.2,0.0,Low,92.1,True,High,0,0,1,132.0,Henry White,Average
Male,70.2,11.8,69.7,2.0,High,78.7,False,Average,1,2,0,301.0,,Average
Female,88.2,13.5,55.6,1.0,High,81.6,False,Average,0,2,0,,Amelia Jones,Average
Male,93.1,16.1,71.0,1.0,Low,81.8,False,Average,1,0,0,327.0,Noah White,Average
Male,78.9,23.1,75.8,0.0,Low,75.6,True,Average,1,0,1,145.0,Charlotte Martinez,Average
Male,77.4,16.8,100.0,4.0,High,91.9,False,High,1,2,0,577.0,Sofia Martin,High
Male,100.0,15.5,68.5,2.0,Low,82.6,True,Average,1,0,1,594.0,Charlotte Smith,Average
Male,84.0,20.7,81.6,1.0,Low,81.8,True,Average,1,0,1,,Jackson Lee,Average
Female,86.5,11.1,74.5,1.0,High,96.4,True,High,0,2,1,136.0,Sophia Johnson,High
Female,77.5,18.4,74.4,2.0,Medium,87.4,True,High,0,1,1,941.0,Daniel Jones,High
Female,83.9,12.7,74.2,0.0,Medium,76.5,False,Average,0,1,0,165.0,Benjamin Jackson,Average
Female,85.3,24.3,76.1,1.0,High,88.9,True,High,0,2,1,29.0,Henry Martin,High
Female,88.6,8.6,82.0,1.0,Medium,83.6,False,Average,0,1,0,573.0,Ava Sanchez,Average
Male,78.1,11.0,83.6,2.0,Medium,76.6,True,Average,1,1,1,194.0,James Harris,Average
Female,81.1,20.4,77.7,1.0,High,92.5,True,High,0,2,1,778.0,Michael Jones,High
Male,85.9,17.4,81.7,0.0,Medium,81.7,False,Average,1,1,0,651.0,Lucas Garcia,Average
Female,92.8,15.7,82.6,0.0,Medium,86.9,True,High,0,1,1,170.0,John Walker,High
Male,96.8,13.9,50.5,1.0,Medium,84.1,False,Average,1,1,0,881.0,Alex Anderson,Low
Female,81.5,12.7,86.6,0.0,Medium,82.0,True,Average,0,1,1,141.0,Charlotte Robinson,Average
Female,81.8,16.2,73.5,3.0,Medium,82.3,False,Average,0,1,0,174.0,Abigail Garcia,Average
Male,69.1,13.4,91.3,4.0,Low,75.7,False,Average,1,0,0,7.0,Alex Lewis,Average
Female,100.0,22.4,66.8,2.0,Low,94.0,True,High,0,0,1,828.0,Sebastian Allen,High
Male,75.6,15.8,91.1,1.0,Medium,84.6,True,Average,1,1,1,502.0,Evelyn Davis,Average
Male,70.4,16.9,79.2,1.0,Medium,80.0,False,Average,1,1,0,74.0,Michael Jackson,Average
Male,85.3,16.2,79.3,1.0,Medium,79.8,False,Average,1,1,0,697.0,Abigail Moore,Average
Male,93.2,13.2,71.3,2.0,Medium,79.6,True,Average,1,1,1,546.0,,Average
Male,64.6,18.4,62.3,0.0,Medium,73.4,False,Average,1,1,0,239.0,Sophia Rodriguez,Average
Male,81.8,10.6,84.7,0.0,High,74.1,False,Average,1,2,0,146.0,Elizabeth Moore,Average
Male,88.1,16.2,65.4,1.0,Medium,66.4,True,Low,1,1,1,807.0,Henry Smith,Low
Female,69.5,24.4,90.4,0.0,Low,83.6,True,Average,0,0,1,235.0,Lucas Thompson,Average
Female,67.0,23.4,67.4,1.0,Medium,83.7,False,Average,0,1,0,221.0,Michael Thompson,Average
Female,70.0,16.7,86.8,1.0,Medium,84.9,False,Average,0,1,0,498.0,Isabella Clark,Average
Male,87.7,16.3,49.1,3.0,High,83.9,True,Average,1,2,1,982.0,Abigail Perez,Average
Female,80.3,18.8,96.6,2.0,Low,88.7,True,High,0,0,1,133.0,Alex Clark,High
Male,79.3,20.6,100.0,3.0,Medium,87.6,True,High,1,1,1,860.0,Jackson Sanchez,High
Male,92.2,11.1,60.4,1.0,Medium,73.7,True,Average,1,1,1,431.0,Alex Moore,Average
Male,86.2,11.6,72.4,2.0,Medium,75.1,True,Average,1,1,1,669.0,Sofia Jackson,Average
Male,82.5,15.1,57.3,1.0,Medium,72.1,False,Average,1,1,0,186.0,Mia Martinez,Average
Female,75.8,17.5,90.9,0.0,Low,80.3,False,Average,0,0,0,42.0,Matthew Lewis,Average
Male,94.5,18.0,78.6,1.0,Low,91.6,False,High,1,0,0,706.0,Henry Lewis,High
Male,89.3,5.1,80.9,1.0,Medium,88.6,False,High,1,1,0,109.0,Lucas Young,Average
Male,99.2,17.2,87.8,1.0,Medium,90.0,True,High,1,1,1,602.0,Emily Sanchez,High
Female,74.9,16.1,74.5,2.0,Low,86.5,True,High,0,0,1,57.0,Henry Thomas,Average
Male,84.7,17.8,75.7,2.0,Medium,84.3,False,Average,1,1,0,426.0,Olivia Ramirez,Average
Male,62.8,8.4,61.8,1.0,High,66.5,False,Low,1,2,0,463.0,Matthew Johnson,Low
Female,72.1,13.8,73.2,2.0,Low,84.8,True,Average,0,0,1,586.0,Sofia Martinez,Average
Male,100.0,18.3,77.0,1.0,High,82.4,True,Average,1,2,1,967.0,Ethan Anderson,Average
Male,89.8,15.4,85.5,2.0,High,89.1,False,High,1,2,0,25.0,Emily Ramirez,High
Female,71.8,17.7,57.9,2.0,Medium,78.2,False,Average,0,1,0,468.0,Harper Anderson,Average
Female,75.3,20.1,85.7,2.0,High,86.1,True,High,0,2,1,542.0,Sarah Davis,High
Female,88.3,12.0,75.7,3.0,High,90.5,False,High,0,2,0,632.0,Sophia Robinson,High
Male,64.9,12.3,62.7,0.0,Medium,67.3,False,Low,1,1,0,708.0,Harper Walker,Low
Female,84.8,11.7,66.8,4.0,Low,76.2,False,Average,0,0,0,943.0,Sofia Robinson,Average
Male,76.4,19.4,85.1,4.0,Low,85.8,False,High,1,0,0,339.0,Liam Clark,Average
Male,87.5,26.2,58.3,0.0,Low,85.3,False,High,1,0,0,52.0,Olivia Wilson,High
Male,67.0,20.4,97.2,0.0,Medium,84.1,True,Average,1,1,1,384.0,Noah Robinson,Average
Female,77.6,10.6,75.8,0.0,Low,75.4,True,Average,0,0,1,937.0,Emma Anderson,Average
Female,91.1,13.7,97.1,2.0,Medium,86.7,True,High,0,1,1,814.0,Ava Moore,High
Male,93.3,12.5,73.8,2.0,Medium,88.9,True,High,1,1,1,265.0,Charlotte Davis,High
Female,70.9,22.4,80.6,2.0,Medium,83.5,True,Average,0,1,1,548.0,Harper Lewis,Average
Female,78.1,14.3,72.9,3.0,High,72.7,False,Average,0,2,0,908.0,Olivia Jones,Average
Male,88.0,11.3,68.3,3.0,High,82.2,False,Average,1,2,0,696.0,Noah White,Average
Female,75.1,25.5,52.5,0.0,Low,73.3,False,Average,0,0,0,396.0,Sebastian Lee,Average
Male,74.3,25.5,80.3,1.0,Low,74.5,True,Average,1,0,1,528.0,Emma Jones,Average
Male,90.7,7.9,57.8,2.0,High,73.7,False,Average,1,2,0,469.0,Olivia Clark,Average
Female,78.1,20.6,88.7,2.0,Medium,77.4,True,Average,0,1,1,19.0,Elizabeth Johnson,Average
Female,91.7,13.6,73.4,1.0,Medium,85.0,True,High,0,1,1,829.0,Elizabeth Perez,High
Male,84.4,24.5,63.1,0.0,Medium,84.7,False,Average,1,1,0,507.0,Amelia Walker,Average
Female,92.7,18.2,63.3,1.0,High,79.9,False,Average,0,2,0,670.0,Michael Harris,Average
Male,55.162500000000016,2.6,59.2,2.0,High,69.3,True,Low,1,2,1,454.0,John Davis,Low
Male,97.6,27.5,77.8,0.0,Low,85.5,False,High,1,0,0,368.0,Sophia Thomas,High
Female,81.0,20.7,79.9,0.0,High,85.7,False,High,0,2,0,84.0,Jackson Martin,Average
Female,55.162500000000016,26.7,75.5,2.0,Medium,77.8,True,Average,0,1,1,62.0,,Average
Female,73.7,20.3,79.9,2.0,High,86.8,True,High,0,2,1,994.0,Benjamin Thompson,High
Male,79.9,26.4,100.0,0.0,High,91.5,False,High,1,2,0,273.0,Emma Walker,High
Female,74.3,23.0,70.6,2.0,Low,62.9,False,Low,0,0,0,286.0,David Johnson,Low
Female,60.9,6.8,86.5,1.0,Medium,69.5,False,Low,0,1,0,361.0,Elizabeth Williams,Low
Male,75.2,13.6,75.8,1.0,Medium,76.2,False,Average,1,1,0,479.0,Evelyn Miller,Average
Male,73.8,30.7,66.9,3.0,Medium,88.8,False,High,1,1,0,279.0,Sarah Smith,High
Male,81.9,18.0,88.1,1.0,High,81.0,False,Average,1,2,0,13.0,Matthew Davis,High
Female,57.9,10.2,73.9,1.0,Medium,70.8,True,Average,0,1,1,183.0,Lucas White,Average
Male,73.2,6.0,77.8,0.0,Medium,79.2,True,Average,1,1,1,369.0,John Young,Average
Female,75.7,16.9,69.7,2.0,Medium,75.9,True,Average,0,1,1,629.0,,Average
Male,94.3,11.9,69.6,1.0,High,93.7,False,High,1,2,0,224.0,Liam Thompson,High
Male,68.2,17.2,63.4,3.0,Medium,75.1,True,Average,1,1,1,585.0,Benjamin Thompson,Average
Female,83.3,17.4,54.2,0.0,High,70.4,False,Average,0,2,0,690.0,Emily Williams,Average
Male,77.4,11.1,72.8,1.0,Medium,73.2,False,Average,1,1,0,810.0,Charlotte Young,Average
Male,70.1,16.2,85.7,0.0,Medium,70.4,True,Average,1,1,1,466.0,David Brown,Average
Male,87.8,9.2,79.5,1.0,Medium,69.9,True,Low,1,1,1,,Jackson Jones,Low
Male,85.9,9.3,85.3,3.0,Medium,80.4,True,Average,1,1,1,622.0,Lucas Smith,Average
Male,64.3,14.0,71.8,1.0,Low,69.5,True,Low,1,0,1,177.0,Abigail Martinez,Average
Female,85.2,19.2,62.9,0.0,High,79.6,True,Average,0,2,1,679.0,Amelia Walker,Average
Female,85.4,20.7,62.1,1.0,Medium,84.1,True,Average,0,1,1,715.0,Sofia Thompson,Average
Female,76.0,12.0,82.1,0.0,High,78.7,True,Average,0,2,1,,Ethan Lewis,Average
Female,75.8,25.5,71.2,1.0,Medium,85.3,True,High,0,1,1,457.0,Emma Allen,Average
Female,85.9,19.8,74.5,2.0,Medium,87.2,False,High,0,1,0,531.0,Harper Williams,High
Male,88.7,17.5,70.8,0.0,Medium,82.2,False,Average,1,1,0,394.0,Harper Sanchez,Average
Female,93.8,17.3,87.6,1.0,Low,87.4,True,High,0,0,1,164.0,Benjamin Jackson,High
Male,92.2,17.8,73.3,0.0,Low,85.0,False,High,1,0,0,249.0,Emily Martinez,High
Male,72.3,14.6,74.5,1.0,Medium,77.4,False,Average,1,1,0,886.0,Matthew Garcia,Average
Female,97.7,15.7,79.2,1.0,High,83.5,False,Average,0,2,0,901.0,John Martin,Average
Male,100.0,14.6,78.4,0.0,Medium,73.3,False,Average,1,1,0,683.0,David Johnson,Average
Male,82.9,15.4,78.4,1.0,High,85.9,False,High,1,2,0,376.0,Alex Young,High
Female,75.8,9.6,69.1,2.0,Medium,77.6,False,Average,0,1,0,413.0,Ava Davis,Average
Female,100.0,15.0,80.7,1.0,Medium,76.0,True,Average,0,1,1,75.0,Daniel Moore,Average
Female,81.9,17.1,74.1,0.0,Low,71.5,False,Average,0,0,0,114.0,Mia Rodriguez,Average
Male,88.6,15.3,73.2,2.0,High,82.2,True,Average,1,2,1,582.0,Elizabeth Miller,Average
Female,95.1,15.4,60.3,1.0,High,72.3,True,Average,0,2,1,571.0,David Williams,Average
Male,75.6,15.1,82.1,1.0,Medium,90.2,True,High,1,1,1,391.0,Matthew Martinez,Average
Female,72.6,22.8,91.6,0.0,Medium,80.9,False,Average,0,1,0,105.0,Emily Martinez,Average
Male,67.5,15.6,67.7,0.0,Low,64.4,False,Low,1,0,0,115.0,Amelia Garcia,Low
Male,100.0,12.8,78.8,1.0,Low,79.5,False,Average,1,0,0,418.0,Michael Thomas,Average
Male,71.8,9.9,51.0,0.0,Medium,71.7,True,Average,1,1,1,496.0,Benjamin Taylor,Average
Female,92.3,27.0,67.2,1.0,Medium,75.8,False,Average,0,1,0,458.0,Evelyn Thomas,Average
Male,84.4,19.4,81.8,2.0,Medium,74.6,False,Average,1,1,0,410.0,John Rodriguez,Average
Female,76.2,13.4,87.4,1.0,Medium,80.5,True,Average,0,1,1,93.0,Elizabeth Lewis,Average
Male,89.4,18.9,76.9,0.0,High,91.7,True,High,1,2,1,576.0,Isabella Martinez,High
Male,86.0,19.0,81.8,1.0,Medium,80.0,False,Average,1,1,0,90.0,Jackson Jones,Average
Male,78.7,19.4,55.1,2.0,Medium,69.7,True,Low,1,1,1,337.0,David Thompson,Low
Female,80.2,14.4,69.4,2.0,High,76.0,False,Average,0,2,0,938.0,Emma Martin,Average
Female,76.6,15.8,54.6,0.0,Low,63.6,True,Low,0,0,1,950.0,Ava Martinez,Low
Male,80.1,20.6,88.5,2.0,Medium,90.2,True,High,1,1,1,882.0,Elizabeth Davis,High
Female,60.4,8.4,70.3,0.0,Medium,59.4,True,Low,0,1,1,619.0,Sarah Brown,Low
Male,70.5,17.4,75.9,0.0,High,80.1,False,Average,1,2,0,623.0,Emma Walker,Average
Female,77.7,12.7,70.9,1.0,Medium,73.5,False,Average,0,1,0,750.0,Emma Harris,Average
Male,68.2,18.3,86.1,2.0,Medium,83.8,True,Average,1,1,1,95.0,Sebastian Martinez,Average
Male,93.3,13.4,71.4,2.0,High,83.8,True,Average,1,2,1,12.0,Charlotte Clark,Average
Female,80.3,15.6,61.2,1.0,Medium,79.8,True,Average,0,1,1,397.0,Sarah Perez,Average
Male,84.5,6.7,100.0,0.0,Low,86.6,True,High,1,0,1,544.0,Olivia Lee,High
Female,85.3,18.9,60.7,1.0,Medium,71.5,False,Average,0,1,0,44.0,James Anderson,Average
Female,95.3,22.1,82.6,3.0,Medium,96.9,False,High,0,1,0,43.0,,High
Male,92.2,13.3,69.1,1.0,Low,80.5,True,Average,1,0,1,330.0,Henry Wilson,Average
Male,97.9,24.8,63.9,3.0,Medium,75.0,True,Average,1,1,1,168.0,Olivia Anderson,High
Female,89.3,8.1,61.5,1.0,Medium,79.1,True,Average,0,1,1,417.0,Charlotte Thompson,Average
Female,81.8,13.3,88.9,2.0,Medium,80.6,True,Average,0,1,1,771.0,Evelyn Wilson,Average
Male,71.4,19.1,63.2,1.0,Medium,67.0,False,Low,1,1,0,427.0,Elizabeth White,Low
Male,65.5,8.5,90.2,0.0,High,69.6,False,Low,1,2,0,946.0,Michael Brown,Average
Male,92.0,14.3,58.2,1.0,Medium,67.6,False,Low,1,1,0,979.0,James Johnson,Low
Male,73.9,14.4,91.1,0.0,Medium,79.4,True,Average,1,1,1,698.0,Harper Jones,Average
Female,89.8,20.4,74.8,1.0,Medium,87.7,False,High,0,1,0,626.0,Liam Allen,High
Female,76.7,17.0,80.3,0.0,Low,73.8,True,Average,0,0,1,258.0,Michael Martin,Average
Male,78.7,20.1,74.5,0.0,High,88.5,False,High,1,2,0,336.0,Jackson Allen,High
Male,80.4,16.2,82.3,0.0,Medium,75.8,False,Average,1,1,0,16.0,Emily Lewis,Average
Male,84.8,19.9,75.5,2.0,High,84.9,True,Average,1,2,1,852.0,Jackson Davis,Average
Female,88.9,18.3,96.9,0.0,Medium,86.3,False,High,0,1,0,325.0,Charlotte Lewis,High
Male,77.1,16.3,81.9,0.0,Medium,73.8,False,Average,1,1,0,875.0,Daniel Taylor,Average
Male,76.6,22.0,76.6,0.0,Medium,72.6,True,Average,1,1,1,223.0,Abigail Young,Average
Male,80.0,12.5,58.8,3.0,High,75.5,False,Average,1,2,0,180.0,Amelia Smith,Average
Male,82.1,14.8,55.3,1.0,High,75.8,True,Average,1,2,1,738.0,James Williams,Average
Male,76.4,25.3,71.9,2.0,Low,78.4,True,Average,1,0,1,522.0,Emma Harris,Average
Female,83.1,17.3,86.7,1.0,Low,79.5,True,Average,0,0,1,23.0,Olivia Robinson,Average
Male,88.6,7.2,74.2,1.0,Low,83.2,False,Average,1,0,0,357.0,Emma Wilson,Average
Male,94.6,27.8,78.7,2.0,Low,97.0,True,High,1,0,1,680.0,David Jackson,High
Female,100.0,14.5,76.8,0.0,Medium,86.7,False,High,0,1,0,877.0,Henry Miller,Average
Male,81.6,14.4,71.2,2.0,High,73.0,False,Average,1,2,0,,Evelyn Martin,Average
Female,74.2,18.5,58.0,2.0,Medium,70.1,False,Average,0,1,0,432.0,Matthew Garcia,Average
Male,85.1,9.7,63.9,2.0,Medium,73.3,True,Average,1,1,1,934.0,Evelyn Young,Average
Male,94.9,9.9,79.0,0.0,Medium,74.4,False,Average,1,1,0,849.0,Jackson Jackson,Average
Male,100.0,7.4,78.8,2.0,High,78.6,False,Average,1,2,0,204.0,Daniel Sanchez,Average
Male,89.7,22.3,97.2,1.0,Medium,99.0,True,High,1,1,1,644.0,Lucas Lee,High
Male,78.3,3.5,54.6,2.0,Low,58.0,False,Low,1,0,0,94.0,Isabella Anderson,Low
Male,84.1,11.0,73.0,3.0,Low,81.5,False,Average,1,0,0,569.0,Evelyn Walker,Average
Male,60.7,22.5,56.5,1.0,Medium,72.1,True,Average,1,1,1,69.0,Alex Wilson,Average
Male,89.8,9.2,53.8,1.0,Medium,76.3,False,Average,1,1,0,,Daniel Martin,Low
Female,88.7,22.1,100.0,1.0,Low,90.7,False,High,0,0,0,285.0,Mia Anderson,High
Male,81.8,12.0,82.5,1.0,High,76.0,False,Average,1,2,0,435.0,Mia Martinez,Average
Female,82.8,13.6,69.4,2.0,Medium,87.1,True,High,0,1,1,154.0,Ava Walker,High
Male,72.4,22.3,59.0,0.0,High,69.6,False,Low,1,2,0,76.0,Lucas Jones,Low
Female,58.2,21.8,53.0,1.0,Medium,68.7,False,Low,0,1,0,794.0,Jackson Rodriguez,Low
Female,82.3,22.9,55.9,1.0,Medium,71.2,False,Average,0,1,0,447.0,Sophia Young,Average
Male,80.2,17.7,74.5,1.0,Low,76.3,True,Average,1,0,1,189.0,Noah Martin,Average
Male,81.7,8.2,83.4,2.0,Low,76.2,False,Average,1,0,0,272.0,John Brown,Average
Male,72.9,18.5,51.4,2.0,Medium,78.2,False,Average,1,1,0,488.0,Amelia Smith,Average
Female,92.3,10.2,77.2,1.0,High,80.5,False,Average,0,2,0,118.0,Emma Lee,Average
Female,77.7,19.3,90.4,1.0,High,83.3,False,Average,0,2,0,834.0,Emma Williams,Average
Female,83.0,15.8,77.8,1.0,Medium,88.5,False,High,0,1,0,513.0,Elizabeth Sanchez,Average
Female,65.9,15.9,71.6,2.0,Medium,68.4,False,Low,0,1,0,927.0,Henry Wilson,Low
Male,58.6,16.5,62.7,1.0,Medium,62.2,False,Low,1,1,0,127.0,Alex Lewis,Low
Female,82.3,11.1,79.1,1.0,Medium,78.2,False,Average,0,1,0,117.0,Sarah Allen,Average
Male,94.9,22.3,88.2,3.0,High,89.8,False,High,1,2,0,474.0,Lucas Miller,High
Female,100.0,10.7,61.3,2.0,High,78.4,False,Average,0,2,0,707.0,,Average
Female,91.4,15.3,98.9,1.0,Low,81.5,False,Average,0,0,0,688.0,Harper Taylor,Average
Male,88.7,13.0,82.3,2.0,High,97.5,False,High,1,2,0,928.0,Sophia Brown,High
Male,79.7,31.0,61.5,2.0,Medium,88.4,False,High,1,1,0,370.0,Emily Thompson,High
Male,82.7,27.0,78.4,2.0,Low,87.4,False,High,1,0,0,269.0,Ethan Young,High
Male,60.9,25.1,72.8,1.0,Low,82.3,False,Average,1,0,0,47.0,Mia Davis,Average
Female,91.6,7.7,79.8,2.0,Medium,67.1,False,Low,0,1,0,350.0,Emma Lee,Low
Female,66.3,12.5,79.2,1.0,High,76.0,True,Average,0,2,1,196.0,Alex Thompson,Average
Male,84.6,13.3,46.5,0.0,Low,63.3,False,Low,1,0,0,850.0,Ethan Jones,Low
Male,88.0,16.2,72.3,1.0,Medium,75.7,False,Average,1,1,0,705.0,Michael Walker,Average
Male,89.9,16.2,75.4,1.0,High,98.3,True,High,1,2,1,751.0,David Walker,High
Female,100.0,17.1,85.9,3.0,Low,89.1,False,High,0,0,0,264.0,Sofia Ramirez,High
Male,80.7,12.8,72.2,1.0,High,79.8,True,Average,1,2,1,444.0,Lucas Taylor,Average
Female,78.4,26.7,73.6,1.0,Low,83.3,False,Average,0,0,0,689.0,Mia Young,Average
Female,71.5,12.7,74.2,1.0,Low,69.7,False,Low,0,0,0,305.0,,Low
Male,86.4,21.8,66.0,2.0,High,89.3,True,High,1,2,1,342.0,Ava Jones,High
Female,67.9,17.2,73.1,2.0,Medium,73.0,False,Average,0,1,0,612.0,Mia Jones,Average
Female,90.2,22.6,76.2,1.0,Medium,86.4,True,High,0,1,1,985.0,Harper Thompson,High
Female,78.2,16.2,74.5,1.0,Medium,76.2,False,Average,0,1,0,150.0,Sarah Lewis,Average
Female,80.8,18.8,78.7,1.0,Medium,80.3,False,Average,0,1,0,125.0,Elizabeth Lewis,Average
Female,58.2,16.6,78.5,1.0,Medium,68.6,False,Low,0,1,0,801.0,John Johnson,Low
Female,74.5,15.6,67.1,3.0,Medium,68.2,True,Low,0,1,1,838.0,,Low
Male,82.7,12.4,81.1,1.0,Medium,79.7,False,Average,1,1,0,51.0,Matthew Jackson,Average
Male,81.9,12.8,74.5,0.0,Low,75.3,True,Average,1,0,1,354.0,Mia Walker,Average
Male,75.0,22.3,93.6,1.0,Medium,78.6,True,Average,1,1,1,944.0,Lucas Smith,Average
Female,94.6,15.5,58.3,2.0,Low,79.9,False,Average,0,0,0,143.0,Ava Walker,Average
Female,64.8,11.5,62.3,0.0,Medium,68.8,True,Low,0,1,1,471.0,Matthew Robinson,Low
Female,68.0,10.7,79.7,1.0,Low,77.8,False,Average,0,0,0,400.0,Sophia Rodriguez,Average
Male,63.9,28.1,80.2,1.0,High,83.1,False,Average,1,2,0,639.0,Emily Garcia,Average
Male,90.1,25.0,79.5,1.0,Low,85.2,True,High,1,0,1,321.0,Sophia Brown,High
Male,99.1,14.3,75.2,0.0,Low,79.5,True,Average,1,0,1,20.0,Mia Brown,Average
Female,86.6,11.6,70.1,2.0,Medium,70.0,False,Average,0,1,0,825.0,Ethan Clark,Average
Female,84.8,23.8,69.4,2.0,High,76.4,False,Average,0,2,0,824.0,Evelyn Robinson,Average
Female,88.8,25.2,95.0,1.0,Medium,95.3,True,High,0,1,1,408.0,Emma Robinson,High
Male,81.1,30.0,72.1,0.0,Medium,93.1,False,High,1,1,0,538.0,Michael Brown,High
Female,90.2,11.3,60.8,0.0,Medium,68.8,True,Low,0,1,1,634.0,Isabella Robinson,Average
Female,89.1,12.7,72.2,2.0,Low,78.6,False,Average,0,0,0,,Ava Thomas,Average
Female,92.8,23.2,59.5,1.0,Low,83.6,False,Average,0,0,0,176.0,Mia Wilson,Average
Female,100.0,14.9,72.2,2.0,High,79.9,False,Average,0,2,0,246.0,Alex Allen,Average
Male,77.7,21.9,67.9,1.0,Low,76.3,False,Average,1,0,0,844.0,Sarah Lewis,Average
Male,81.1,14.9,73.2,4.0,Low,79.2,True,Average,1,0,1,681.0,Abigail Young,Average
Male,90.3,13.0,78.9,1.0,Medium,79.3,False,Average,1,1,0,851.0,Charlotte Williams,Average
Male,81.7,13.6,87.3,0.0,Low,77.4,True,Average,1,0,1,874.0,Michael Young,Average
Female,75.2,4.9,52.8,1.0,Low,60.2,False,Low,0,0,0,155.0,Mia Martinez,Low
Female,69.1,10.9,65.1,0.0,Medium,65.5,False,Low,0,1,0,616.0,Evelyn Garcia,Low
Female,81.0,23.2,80.7,1.0,Medium,77.6,False,Average,0,1,0,758.0,Isabella Perez,Average
Female,67.4,17.3,72.3,2.0,Medium,65.8,False,Low,0,1,0,18.0,Michael Moore,Low
Female,91.4,24.5,77.4,2.0,Medium,93.0,False,High,0,1,0,128.0,Matthew Thompson,High
Male,57.6,19.0,63.7,0.0,Medium,73.5,True,Average,1,1,1,323.0,,Average
Female,83.3,16.4,64.7,4.0,High,80.3,False,Average,0,2,0,256.0,Emma Williams,Average
Female,83.0,20.0,87.2,1.0,Medium,91.8,False,High,0,1,0,671.0,David Sanchez,High
Female,72.3,16.4,74.6,1.0,Medium,74.7,False,Average,0,1,0,983.0,,Average
Male,76.9,9.7,92.2,1.0,Low,74.6,True,Average,1,0,1,191.0,Daniel Taylor,Average
Male,69.4,18.3,52.2,2.0,High,71.3,False,Average,1,2,0,,Harper Moore,Average
Male,86.7,21.8,84.1,1.0,Medium,86.3,False,High,1,1,0,630.0,James Brown,High
Female,67.3,19.5,56.3,0.0,High,65.3,True,Low,0,2,1,181.0,,Low
Male,74.2,6.3,84.1,2.0,Medium,74.4,False,Average,1,1,0,302.0,Jackson Taylor,Average
Female,97.8,21.2,91.9,0.0,Medium,89.1,False,High,0,1,0,774.0,Abigail Anderson,High
Male,79.6,6.8,67.9,0.0,High,63.4,False,Low,1,2,0,912.0,Olivia Robinson,Low
Male,82.9,6.0,100.0,1.0,Low,84.0,True,Average,1,0,1,763.0,David Smith,Average
Female,84.2,15.2,72.0,2.0,Low,75.6,False,Average,0,0,0,518.0,Sarah Johnson,Average
Female,87.0,21.5,94.8,0.0,Medium,93.6,False,High,0,1,0,46.0,Charlotte Jones,High
Male,88.8,15.6,83.7,0.0,Low,77.5,False,Average,1,0,0,925.0,Noah Wilson,Average
Female,64.2,21.6,66.6,1.0,High,79.2,True,Average,0,2,1,158.0,Henry Lewis,Low
Male,75.5,29.4,95.6,2.0,Low,90.0,False,High,1,0,0,759.0,Michael Lee,High
Male,73.7,10.1,89.3,0.0,Medium,78.1,True,Average,1,1,1,172.0,Alex Perez,Average
Male,100.0,3.8,49.3,0.0,Medium,72.9,True,Average,1,1,1,17.0,Amelia Anderson,Average
Female,78.9,15.7,77.6,0.0,Low,66.1,True,Low,0,0,1,512.0,Matthew Miller,Low
Female,100.0,21.4,81.6,1.0,High,89.5,False,High,0,2,0,49.0,Daniel White,High
Male,90.2,15.8,75.1,1.0,Low,74.3,True,Average,1,0,1,990.0,Emily Walker,Average
Male,85.7,21.2,74.4,1.0,High,86.3,False,High,1,2,0,856.0,Elizabeth Lewis,High
Female,89.7,17.9,78.6,1.0,Low,83.9,False,Average,0,0,0,516.0,Michael Walker,Average
Female,69.3,25.9,74.5,2.0,Low,70.4,True,Average,0,0,1,481.0,Ava Jones,Average
Female,68.9,5.3,82.6,1.0,Low,71.3,False,Average,0,0,0,284.0,Lucas Ramirez,Average
Female,72.0,16.5,81.9,1.0,Low,78.1,False,Average,0,0,0,733.0,Sofia White,Average
Female,76.8,18.5,71.3,0.0,High,81.2,False,Average,0,2,0,668.0,Elizabeth White,Average
Female,88.4,16.8,78.2,1.0,Medium,83.4,False,Average,0,1,0,226.0,Sophia Allen,Average
Female,90.8,16.6,83.8,0.0,High,94.4,False,High,0,2,0,27.0,Benjamin Williams,High
Female,85.3,12.1,54.2,1.0,Medium,65.6,True,Low,0,1,1,797.0,,Low
Female,86.5,16.5,96.5,1.0,High,98.2,True,High,0,2,1,438.0,Sofia Thompson,High
Male,76.2,19.2,58.3,3.0,Low,85.3,True,High,1,0,1,968.0,Sophia Moore,High
Female,73.2,16.1,71.1,2.0,Medium,76.2,True,Average,0,1,1,365.0,Michael Martin,Average
Male,90.7,4.5,91.2,0.0,Medium,76.6,True,Average,1,1,1,230.0,Olivia Rodriguez,Average
Male,70.5,2.8,88.0,0.0,Medium,67.9,False,Low,1,1,0,38.0,Jackson Smith,Low
Female,89.4,13.8,62.8,0.0,Medium,71.7,True,Average,0,1,1,984.0,Evelyn Sanchez,Average
Female,87.8,19.0,92.2,3.0,Low,78.4,False,Average,0,0,0,375.0,Sebastian Robinson,Average
Male,89.3,14.1,65.9,1.0,Medium,75.0,False,Average,1,1,0,470.0,Sofia Johnson,Average
Female,100.0,14.0,62.1,2.0,Medium,80.8,False,Average,0,1,0,986.0,Evelyn Clark,Average
Male,87.2,17.7,69.7,1.0,High,78.7,False,Average,1,2,0,866.0,Daniel Taylor,Average
Female,87.1,17.1,79.0,0.0,Low,89.0,False,High,0,0,0,718.0,Lucas Anderson,High
Male,73.9,13.5,78.8,1.0,Low,77.4,False,Average,1,0,0,740.0,Sebastian Miller,Average
Female,79.6,15.9,82.5,1.0,Medium,79.8,False,Average,0,1,0,195.0,David Jackson,Average
Female,90.4,6.2,72.0,2.0,High,80.1,True,Average,0,2,1,880.0,Ethan Brown,Average
Male,79.6,11.6,69.5,1.0,Low,66.1,True,Low,1,0,1,504.0,Sebastian Martinez,Low
Female,77.4,21.9,75.2,2.0,Medium,87.1,True,High,0,1,1,988.0,Sophia Miller,High
Male,77.1,19.1,75.0,0.0,Low,70.7,False,Average,1,0,0,846.0,John Perez,Average
Female,84.9,15.6,72.9,0.0,Low,71.0,False,Average,0,0,0,580.0,Michael Perez,Average
Female,78.2,13.5,80.1,0.0,Low,71.1,False,Average,0,0,0,987.0,Ethan Ramirez,Average
Male,89.6,25.2,64.4,4.0,Medium,87.2,True,High,1,1,1,,Benjamin Lewis,High
Male,82.5,5.4,68.9,0.0,Low,74.3,True,Average,1,0,1,716.0,Emily Robinson,Average
Female,81.6,16.2,68.0,2.0,Low,74.0,True,Average,0,0,1,153.0,Sofia Taylor,Average
Female,84.2,12.4,66.8,0.0,High,68.6,False,Low,0,2,0,695.0,Alex Jones,Low
Female,69.8,16.2,66.0,1.0,High,71.7,False,Average,0,2,0,714.0,Matthew Sanchez,Average
Female,82.9,10.9,100.0,1.0,Medium,87.1,True,High,0,1,1,996.0,Ethan Smith,High
Female,79.8,19.8,84.4,0.0,Low,75.0,True,Average,0,0,1,112.0,Emily Miller,Average
Female,76.6,5.5,60.4,1.0,Low,72.0,True,Average,0,0,1,227.0,Jackson Brown,Low
Male,89.9,16.7,83.8,2.0,Medium,79.2,False,Average,1,1,0,910.0,Alex Young,Average
Male,70.5,26.1,73.0,1.0,High,89.5,True,High,1,2,1,104.0,,High
Female,96.2,21.4,91.9,1.0,High,90.2,True,High,0,2,1,422.0,Daniel Allen,High
Male,65.7,18.4,78.6,0.0,High,82.5,True,Average,1,2,1,420.0,Amelia Moore,Average
Male,71.0,17.5,66.7,0.0,High,82.6,False,Average,1,2,0,765.0,,Average
Male,88.6,18.9,73.0,2.0,Medium,81.2,False,Average,1,1,0,587.0,Daniel Ramirez,Average
Male,85.7,32.05,75.1,2.0,Low,87.7,False,High,1,0,0,845.0,John Sanchez,High
Female,78.2,16.3,79.2,2.0,Low,72.4,False,Average,0,0,0,673.0,,Average
Female,85.5,24.2,58.9,2.0,Low,59.6,True,Low,0,0,1,120.0,Michael Moore,Low
Female,62.0,20.8,87.9,0.0,High,84.4,True,Average,0,2,1,54.0,Lucas Young,High
Male,79.5,20.9,74.5,1.0,Medium,76.1,False,Average,1,1,0,152.0,Ava Jackson,Average
Female,92.2,32.05,94.7,2.0,Medium,92.1,False,High,0,1,0,404.0,Charlotte Martinez,High
Male,79.2,16.2,74.5,1.0,Medium,89.8,False,High,1,1,0,,Benjamin Allen,Average
Female,82.0,14.4,61.8,1.0,Medium,72.2,True,Average,0,1,1,208.0,Charlotte Harris,Average
Male,84.2,11.1,66.5,0.0,High,75.6,False,Average,1,2,0,659.0,Alex Lewis,Average
Female,100.0,22.8,63.6,0.0,Low,77.0,False,Average,0,0,0,859.0,Daniel Jackson,Average
Female,58.3,19.0,74.3,2.0,Medium,70.6,False,Average,0,1,0,949.0,David Smith,Average
Female,67.7,20.0,92.1,1.0,Medium,81.4,False,Average,0,1,0,9.0,Liam Sanchez,Average
Male,93.0,12.7,84.6,1.0,High,90.8,False,High,1,2,0,823.0,Emma Martinez,High
Female,85.2,15.3,87.0,1.0,Medium,84.1,False,Average,0,1,0,37.0,Elizabeth Walker,Average
Male,87.5,16.0,69.3,0.0,High,86.7,False,High,1,2,0,453.0,Lucas Johnson,High
Female,87.0,23.3,74.5,1.0,Medium,87.9,False,High,0,1,0,652.0,Evelyn Smith,Average
Female,80.9,9.2,74.5,2.0,Medium,78.4,True,Average,0,1,1,254.0,Sophia Clark,Average
Female,71.4,21.3,82.1,1.0,Low,82.7,False,Average,0,0,0,304.0,Sebastian Robinson,Average
Male,82.9,24.6,94.5,2.0,High,86.6,False,High,1,2,0,761.0,Olivia Anderson,High
Female,77.1,19.4,69.5,3.0,High,80.5,True,Average,0,2,1,572.0,Benjamin Wilson,Average
Female,83.6,12.9,70.6,0.0,Medium,63.4,False,Low,0,1,0,624.0,,Average
Male,72.0,19.4,100.0,0.0,Low,83.1,True,Average,1,0,1,724.0,Michael Harris,Average
Male,94.0,13.0,64.6,2.0,Medium,77.2,True,Average,1,1,1,833.0,Mia Lee,Average
Female,78.6,21.2,72.4,3.0,Medium,85.9,True,High,0,1,1,611.0,Elizabeth Clark,High
Male,100.0,18.0,59.7,0.0,Medium,88.4,False,High,1,1,0,298.0,Mia White,High
Male,71.4,16.7,59.7,1.0,Low,62.3,True,Low,1,0,1,415.0,John Lee,Low
Female,81.8,18.0,69.4,2.0,High,82.5,False,Average,0,2,0,803.0,Amelia Thomas,Average
Male,84.6,9.9,74.5,1.0,Medium,73.0,False,Average,1,1,0,641.0,Daniel Harris,Average
Female,100.0,18.9,48.8,1.0,Medium,74.8,True,Average,0,1,1,905.0,Mia Martinez,Average
Female,69.4,30.2,79.3,0.0,Medium,85.1,False,High,0,1,0,551.0,Jackson Rodriguez,High
Female,78.0,20.2,72.0,2.0,Medium,74.3,False,Average,0,1,0,992.0,Henry Thomas,Average
Female,73.3,20.4,74.3,0.0,Medium,74.6,False,Average,0,1,0,,Matthew Brown,Average
Male,81.8,22.4,87.7,0.0,Medium,66.1,True,Low,1,1,1,711.0,Daniel Wilson,Low
Female,84.0,14.8,92.6,1.0,Medium,83.0,False,Average,0,1,0,148.0,Noah Clark,Average
Male,87.1,10.0,55.2,1.0,Medium,75.8,False,Average,1,1,0,147.0,Sarah Jackson,Average
Male,81.8,15.3,90.3,0.0,Low,90.3,False,High,1,0,0,735.0,Liam Lewis,High
Male,78.5,26.0,77.9,2.0,Low,86.1,False,High,1,0,0,948.0,Emma Walker,High
Female,99.8,9.8,73.4,1.0,High,79.7,False,Average,0,2,0,754.0,David Anderson,Average
Male,82.4,17.7,73.8,0.0,Medium,76.8,False,Average,1,1,0,349.0,Olivia Sanchez,Average
Female,93.3,12.1,83.0,0.0,Low,79.8,False,Average,0,0,0,464.0,Benjamin Johnson,Average
Female,94.1,16.6,60.4,2.0,High,81.7,False,Average,0,2,0,326.0,Liam Garcia,Average
Male,81.8,25.8,92.1,0.0,Medium,100.0,False,High,1,1,0,187.0,Emma Jones,High
Female,75.0,18.0,74.3,2.0,Medium,91.2,True,High,0,1,1,124.0,Lucas Davis,High
Female,83.7,12.0,81.8,0.0,Low,78.8,False,Average,0,0,0,,Mia Smith,Average
Female,87.3,28.5,73.9,1.0,Medium,91.1,True,High,0,1,1,609.0,Charlotte Davis,High
Female,67.8,17.2,92.5,2.0,Medium,94.4,True,High,0,1,1,144.0,Benjamin Lewis,High
Female,80.0,10.9,48.4,1.0,Medium,60.1,True,Low,0,1,1,610.0,Elizabeth Brown,Average
Female,76.3,16.7,84.1,0.0,Medium,87.3,False,High,0,1,0,294.0,Sophia Smith,High
Male,88.6,7.2,60.4,1.0,Medium,70.1,False,Average,1,1,0,401.0,Charlotte Lewis,Average
Female,87.5,15.5,75.9,2.0,Low,84.9,False,Average,0,0,0,123.0,Evelyn Rodriguez,Average
Female,88.5,10.3,67.2,0.0,Medium,78.3,True,Average,0,1,1,184.0,Daniel Thomas,Average
Male,81.0,13.9,69.8,0.0,High,69.1,False,Low,1,2,0,203.0,Lucas Allen,Average
Female,77.5,10.8,74.5,1.0,High,67.5,True,Low,0,2,1,439.0,Alex Martinez,Low
Female,77.5,18.4,72.9,1.0,Medium,73.8,False,Average,0,1,0,247.0,Matthew Lewis,Average
Male,63.7,2.5,79.8,1.0,Medium,70.8,False,Average,1,1,0,416.0,Daniel Clark,Average
Female,71.6,22.9,71.8,1.0,High,85.8,False,High,0,2,0,791.0,Alex Lee,High
Male,59.8,19.5,87.5,0.0,Medium,65.7,False,Low,1,1,0,867.0,Jackson Brown,Low
Female,89.9,17.9,78.8,0.0,Low,82.6,True,Average,0,0,1,922.0,Harper Martin,Average
Female,71.8,14.0,81.3,0.0,Medium,78.9,False,Average,0,1,0,973.0,Lucas White,Average
Female,78.5,17.3,70.6,2.0,High,78.6,True,Average,0,2,1,903.0,Liam Harris,Average
Male,77.4,19.7,68.4,0.0,High,71.9,False,Average,1,2,0,130.0,Evelyn Thompson,Average
Female,74.0,12.1,84.8,4.0,Medium,82.3,False,Average,0,1,0,638.0,Ava Perez,Average
Female,92.8,10.7,93.1,3.0,Low,87.3,True,High,0,0,1,799.0,Sophia Moore,High
Female,86.9,18.9,77.7,1.0,Low,82.6,False,Average,0,0,0,785.0,Lucas Harris,Average
Male,63.4,22.4,64.9,1.0,High,65.9,True,Low,1,2,1,736.0,Daniel Clark,Low
Male,79.2,18.7,76.0,1.0,Medium,87.7,False,High,1,1,0,220.0,Sofia Thomas,High
Male,64.9,12.9,77.1,3.0,Medium,66.5,False,Low,1,1,0,642.0,Sofia Johnson,Low
Male,62.4,9.6,77.2,1.0,Low,62.7,True,Low,1,0,1,931.0,Henry Williams,Low
Female,100.0,18.9,78.1,3.0,High,90.5,False,High,0,2,0,847.0,Emma Taylor,High
Male,75.9,18.6,70.4,1.0,High,84.0,False,Average,1,2,0,926.0,David Brown,Average
Male,70.4,19.6,78.0,1.0,Medium,74.7,True,Average,1,1,1,936.0,David Jones,Average
Female,92.2,13.2,87.3,1.0,Medium,80.9,False,Average,0,1,0,625.0,Ethan Martin,Average
Male,82.6,16.8,78.0,1.0,Medium,82.8,False,Average,1,1,0,854.0,Noah Jones,Average
Female,72.8,13.1,89.8,1.0,Medium,76.7,True,Average,0,1,1,775.0,Elizabeth Clark,Average
Female,82.3,12.6,73.9,0.0,Medium,79.1,True,Average,0,1,1,387.0,,Average
Male,90.0,15.8,62.6,3.0,Medium,76.7,False,Average,1,1,0,510.0,Noah White,Average
Female,76.7,15.0,82.6,1.0,Medium,82.4,True,Average,0,1,1,268.0,James Anderson,Average
Male,93.6,12.5,75.9,0.0,Low,78.0,True,Average,1,0,1,835.0,Elizabeth Taylor,Average
Male,92.7,7.6,83.0,3.0,High,80.1,False,Average,1,2,0,442.0,Sophia Jackson,Average
Male,91.1,19.2,65.9,3.0,Medium,85.1,True,High,1,1,1,497.0,Michael Martin,High
Female,85.4,24.8,79.4,3.0,Medium,100.0,False,High,0,1,0,113.0,Henry Garcia,High
Female,89.3,10.5,92.5,3.0,High,95.4,False,High,0,2,0,692.0,,High
Male,90.1,7.2,68.3,2.0,Medium,77.2,False,Average,1,1,0,885.0,Jackson Perez,Average
Male,81.7,18.6,74.1,2.0,Medium,85.5,True,High,1,1,1,608.0,Amelia Lee,Average
Female,100.0,12.0,65.8,0.0,Low,78.7,False,Average,0,0,0,672.0,Ethan Lee,Average
Male,86.1,10.0,65.7,1.0,High,85.9,True,High,1,2,1,374.0,Isabella Taylor,High
Female,62.8,20.6,77.5,2.0,Medium,90.3,True,High,0,1,1,1000.0,Amelia Rodriguez,High
Female,86.0,12.0,68.5,1.0,Medium,74.6,True,Average,0,1,1,858.0,Sarah Lee,Average
Male,76.7,13.8,59.1,1.0,Medium,71.9,True,Average,1,1,1,234.0,Matthew Sanchez,Average
Male,87.5,14.0,70.6,1.0,Medium,83.5,False,Average,1,1,0,800.0,Mia Jackson,Average
Female,84.5,23.6,91.6,0.0,Medium,100.0,False,High,0,1,0,677.0,Harper Jones,High
Male,84.1,13.2,80.5,0.0,High,80.0,True,Average,1,2,1,318.0,Abigail Lee,Average
Female,74.0,8.2,92.6,1.0,High,79.1,False,Average,0,2,0,649.0,David Allen,Average
Female,90.7,4.9,75.2,1.0,High,77.0,True,Average,0,2,1,,Olivia Johnson,Average
Male,97.9,12.5,96.3,2.0,Medium,92.9,False,High,1,1,0,914.0,Charlotte Clark,High
Male,75.8,8.9,81.0,1.0,Medium,83.1,True,Average,1,1,1,710.0,Mia Miller,Average
Female,86.8,20.5,93.7,0.0,Medium,81.1,False,Average,0,1,0,359.0,Alex Brown,Average
Male,88.1,22.2,80.5,2.0,Medium,88.0,False,High,1,1,0,259.0,Olivia Martin,High
Male,92.8,18.6,91.7,0.0,Medium,78.5,True,Average,1,1,1,745.0,Emily Miller,Average
Male,77.3,10.6,54.4,1.0,High,72.6,False,Average,1,2,0,628.0,Isabella Lee,Low
Female,83.3,21.6,65.8,1.0,Medium,79.5,False,Average,0,1,0,633.0,Mia Williams,Average
Male,87.1,11.0,54.5,0.0,Medium,68.2,False,Low,1,1,0,283.0,Daniel Anderson,Low
Female,84.2,19.3,81.9,2.0,High,89.3,True,High,0,2,1,377.0,Matthew Young,High
Male,68.9,12.0,76.0,4.0,Low,70.1,False,Average,1,0,0,385.0,John Anderson,Average
Male,75.6,7.1,62.4,2.0,Medium,73.1,True,Average,1,1,1,225.0,Abigail Taylor,Average
Male,92.3,24.4,55.1,2.0,Medium,72.1,False,Average,1,1,0,972.0,Benjamin Walker,Average
Male,66.2,9.8,80.0,2.0,Low,73.5,False,Average,1,0,0,830.0,John Allen,Average
Male,73.4,23.1,79.2,1.0,Low,80.6,False,Average,1,0,0,473.0,Benjamin Thomas,Average
Female,82.0,4.5,76.9,2.0,Low,78.0,False,Average,0,0,0,348.0,,Average
Male,86.9,16.2,65.4,1.0,Medium,67.0,False,Low,1,1,0,506.0,Mia Davis,Low
Female,97.4,19.5,72.4,1.0,Low,82.1,True,Average,0,0,1,640.0,David Rodriguez,Average
Female,84.5,25.9,88.4,1.0,High,94.6,False,High,0,2,0,798.0,Mia Garcia,High
Female,73.3,6.9,74.0,1.0,Medium,64.7,False,Low,0,1,0,945.0,Michael Anderson,Average
Male,79.3,17.4,98.3,1.0,Medium,92.4,True,High,1,1,1,921.0,Sebastian Anderson,High
Female,72.8,22.3,68.9,1.0,High,63.0,False,Low,0,2,0,620.0,Emma Allen,Low
Male,73.0,16.1,97.0,2.0,Medium,79.1,False,Average,1,1,0,871.0,Mia Johnson,Average
Male,58.7,23.4,91.3,1.0,High,88.3,False,High,1,2,0,960.0,Benjamin Garcia,High
Male,76.9,16.3,84.3,1.0,Low,81.3,True,Average,1,0,1,646.0,Sophia Rodriguez,Average
Female,94.6,14.1,76.2,0.0,High,81.6,False,Average,0,2,0,862.0,Sofia Rodriguez,Average
Female,81.7,12.2,93.1,3.0,High,93.6,True,High,0,2,1,557.0,Matthew Robinson,High
Male,72.4,19.2,85.2,0.0,High,88.9,False,High,1,2,0,976.0,Liam Johnson,High
Male,92.0,15.4,74.8,4.0,Low,81.2,False,Average,1,0,0,578.0,Amelia Clark,Average
Female,79.6,13.1,67.2,1.0,High,70.0,True,Average,0,2,1,86.0,Abigail Lewis,Average
Male,83.4,21.0,66.1,1.0,High,84.2,False,Average,1,2,0,243.0,Alex Young,Average
Male,88.8,7.3,87.6,1.0,Medium,72.7,False,Average,1,1,0,699.0,Sarah Wilson,Average
Male,74.4,25.9,71.8,3.0,Medium,76.0,False,Average,1,1,0,160.0,Emily Wilson,Average
Male,74.1,8.1,65.3,2.0,Low,79.4,False,Average,1,0,0,525.0,Sophia Perez,Average
Female,71.0,29.3,74.5,0.0,Medium,82.1,False,Average,0,1,0,36.0,Sarah Sanchez,Average
Male,77.5,23.5,78.0,0.0,Medium,75.5,False,Average,1,1,0,541.0,Abigail Moore,Average
Male,69.8,16.5,83.7,2.0,Low,75.3,False,Average,1,0,0,171.0,Michael Perez,Average
Female,86.9,17.7,65.3,0.0,Medium,70.0,False,Average,0,1,0,655.0,Henry Jones,Average
Female,96.8,8.3,86.6,1.0,High,90.9,True,High,0,2,1,906.0,Abigail Davis,High
Female,84.6,4.7,93.3,0.0,High,86.5,True,High,0,2,1,873.0,Michael Perez,High
Female,87.0,19.8,56.8,1.0,Medium,87.1,False,High,0,1,0,917.0,Henry Rodriguez,Average
Female,63.4,16.0,88.9,1.0,Low,75.0,True,Average,0,0,1,961.0,Emma Lewis,Average
Male,82.4,8.9,63.0,1.0,Medium,71.5,False,Average,1,1,0,734.0,Emily Lewis,Low
Male,75.7,13.7,72.0,2.0,Low,73.9,True,Average,1,0,1,96.0,Ava Williams,Average
Male,81.3,11.4,56.5,1.0,Medium,78.1,True,Average,1,1,1,564.0,Olivia Walker,Average
Male,70.7,21.1,74.4,1.0,Medium,75.2,False,Average,1,1,0,241.0,Emma Jackson,Average
Female,82.9,14.2,81.5,1.0,Medium,76.3,False,Average,0,1,0,743.0,Evelyn Thomas,Average
Female,83.1,22.5,66.3,2.0,Medium,84.2,False,Average,0,1,0,575.0,John Jones,Average
Male,81.4,17.6,70.2,1.0,High,79.1,True,Average,1,2,1,691.0,Charlotte Clark,Average
Male,81.8,11.7,78.9,1.0,High,78.3,True,Average,1,2,1,461.0,Abigail Clark,Average
Male,81.9,16.7,95.7,4.0,High,94.5,True,High,1,2,1,554.0,Sophia Perez,High
Female,84.0,11.2,57.4,3.0,High,91.9,False,High,0,2,0,894.0,Charlotte Harris,High
Male,84.2,13.6,75.1,1.0,High,77.8,False,Average,1,2,0,207.0,Matthew Jackson,Average
Female,79.0,24.2,58.8,2.0,Medium,79.1,True,Average,0,1,1,393.0,Isabella Allen,Average
Male,92.3,13.8,65.5,0.0,Medium,66.1,False,Low,1,1,0,795.0,Benjamin Moore,Low
Male,92.4,16.8,75.1,2.0,Medium,92.5,True,High,1,1,1,398.0,Olivia Thompson,High
Male,83.5,10.5,79.8,3.0,Low,91.4,False,High,1,0,0,767.0,Ethan Jackson,Average
Female,82.1,20.7,76.4,1.0,Medium,78.8,False,Average,0,1,0,864.0,Emily Anderson,Average
Female,85.6,19.1,82.3,1.0,High,95.4,True,High,0,2,1,218.0,Alex Harris,High
Female,91.9,11.8,80.9,1.0,Medium,78.7,True,Average,0,1,1,5.0,Benjamin Brown,Average
Male,100.0,19.7,67.0,1.0,Medium,71.9,False,Average,1,1,0,769.0,Emma Williams,Average
Male,74.9,20.7,65.7,1.0,Medium,79.0,False,Average,1,1,0,643.0,Elizabeth Thomas,Average
Male,80.9,7.1,61.4,1.0,Medium,63.1,False,Low,1,1,0,,Isabella Smith,Low
Male,62.2,6.6,73.1,1.0,High,71.6,False,Average,1,2,0,613.0,Emily White,Average
Male,81.8,22.1,50.5,0.0,High,80.2,True,Average,1,2,1,739.0,Matthew Smith,Average
Female,81.1,4.2,71.2,2.0,Medium,74.6,True,Average,0,1,1,547.0,Benjamin White,Average
Female,82.2,7.8,79.6,1.0,High,73.9,False,Average,0,2,0,726.0,Michael Clark,Average
Female,85.9,17.5,70.4,0.0,Low,71.8,False,Average,0,0,0,684.0,David Clark,Average
Female,90.1,24.6,82.0,2.0,Medium,91.7,True,High,0,1,1,99.0,Evelyn Johnson,High
Male,86.8,13.1,66.9,1.0,Medium,77.8,False,Average,1,1,0,805.0,Matthew Brown,Average
Male,77.3,11.7,70.6,1.0,Medium,70.9,True,Average,1,1,1,728.0,Alex Lee,Average
Male,78.0,18.1,74.5,0.0,Medium,64.9,False,Low,1,1,0,574.0,,Low
Male,79.9,19.1,80.0,1.0,High,95.1,True,High,1,2,1,407.0,Mia Wilson,High
Female,79.3,17.8,81.2,1.0,Medium,83.3,True,Average,0,1,1,503.0,David Miller,Average
Female,81.6,16.2,80.4,1.0,Medium,79.1,True,Average,0,1,1,48.0,Sebastian Perez,Average
Male,79.0,9.1,82.7,1.0,High,74.6,False,Average,1,2,0,780.0,Elizabeth White,Average
Female,78.9,16.9,74.5,0.0,High,74.0,False,Average,0,2,0,840.0,Sofia Martin,Average
Male,100.0,10.0,75.2,1.0,Medium,87.2,False,High,1,1,0,201.0,James Robinson,High
Male,85.8,6.4,70.5,1.0,High,71.9,False,Average,1,2,0,135.0,Emily Perez,Average
Female,68.3,21.1,78.2,0.0,Medium,75.3,False,Average,0,1,0,28.0,Jackson Rodriguez,Average
Female,60.1,0.45000000000000284,66.0,0.0,Medium,64.2,False,Low,0,1,0,,Ethan Lewis,Low
Female,76.7,8.3,83.6,1.0,Medium,77.9,False,Average,0,1,0,231.0,Mia Ramirez,Average
Male,100.0,23.0,74.5,4.0,Medium,80.6,False,Average,1,1,0,490.0,Ethan Jackson,Average
Male,69.1,9.5,63.5,0.0,Medium,65.4,False,Low,1,1,0,773.0,John Wilson,Low
Female,96.8,23.2,71.2,3.0,High,95.1,True,High,0,2,1,379.0,Isabella Jackson,High
Female,77.1,15.0,66.3,1.0,High,87.4,True,High,0,2,1,289.0,Henry Brown,Average
Male,96.3,11.0,59.4,1.0,High,80.7,False,Average,1,2,0,419.0,Ava Lewis,Average
Female,74.0,12.8,62.4,4.0,Medium,76.9,False,Average,0,1,0,675.0,Ethan Harris,Average
Male,84.3,24.6,66.1,1.0,Medium,77.9,False,Average,1,1,0,392.0,Olivia Jackson,Average
Female,93.6,10.6,79.8,1.0,Medium,74.1,False,Average,0,1,0,593.0,Noah Anderson,Average
Male,79.1,17.1,67.5,1.0,Low,65.4,True,Low,1,0,1,499.0,Sofia Moore,Average
Female,97.8,4.5,53.7,0.0,High,73.3,True,Average,0,2,1,139.0,James Sanchez,Average
Male,79.7,14.7,71.3,1.0,High,84.7,False,Average,1,2,0,63.0,James Jones,Average
Male,78.0,21.2,84.1,3.0,Low,78.1,False,Average,1,0,0,472.0,Jackson White,Average
Female,71.5,16.8,90.3,3.0,Low,85.5,False,High,0,0,0,,Henry Thompson,High
Male,72.2,17.9,65.4,1.0,Medium,72.1,True,Average,1,1,1,129.0,Harper Martin,Average
Female,77.9,24.8,82.1,1.0,Low,73.4,True,Average,0,0,1,995.0,Amelia Sanchez,Average
Male,83.7,15.5,78.9,1.0,Medium,78.4,True,Average,1,1,1,521.0,James Lewis,Average
Female,82.7,27.9,79.0,1.0,Low,99.6,True,High,0,0,1,981.0,Harper Thompson,High
Female,77.8,16.2,64.0,3.0,High,84.2,False,Average,0,2,0,65.0,Benjamin Sanchez,Average
Male,88.3,14.9,79.7,1.0,High,85.0,False,High,1,2,0,813.0,Daniel White,High
Male,100.0,16.2,89.3,0.0,Low,77.5,False,Average,1,0,0,157.0,Michael Brown,Average
Female,64.2,14.2,74.2,0.0,Low,71.8,False,Average,0,0,0,493.0,Matthew Smith,Average
Female,73.0,16.5,74.5,3.0,Low,69.0,False,Low,0,0,0,380.0,Noah Martin,Low
Male,93.7,12.9,70.3,0.0,Medium,78.2,False,Average,1,1,0,188.0,Isabella Lee,Average
Male,74.1,4.9,60.7,2.0,Low,64.5,False,Low,1,0,0,764.0,David Perez,Low
Male,91.9,25.4,62.4,1.0,High,81.3,False,Average,1,2,0,217.0,Alex Jackson,Average
Male,81.2,15.7,69.8,3.0,High,83.2,False,Average,1,2,0,792.0,Mia Robinson,Average
Male,91.0,17.3,74.5,1.0,High,85.1,True,High,1,2,1,53.0,James Jackson,High
Female,92.5,9.5,75.3,0.0,Low,69.8,False,Low,0,0,0,879.0,Henry Harris,Low
Female,80.5,14.5,62.3,0.0,Low,59.2,False,Low,0,0,0,338.0,Sophia Rodriguez,Low
Male,88.1,22.1,88.5,2.0,Medium,90.6,True,High,1,1,1,749.0,Sophia Ramirez,High
Male,81.8,20.1,74.7,2.0,Medium,79.0,False,Average,1,1,0,725.0,Emily Martin,Average
Female,88.3,8.8,69.0,1.0,High,79.4,False,Average,0,2,0,296.0,Amelia Jackson,Average
Female,72.6,19.3,59.1,0.0,Low,61.8,False,Low,0,0,0,702.0,Ethan Garcia,Low
Female,59.2,20.2,83.0,1.0,Medium,69.1,False,Low,0,1,0,252.0,Lucas Taylor,Low
Male,80.8,10.1,79.8,3.0,High,83.7,True,Average,1,2,1,727.0,Abigail Young,Average
Male,92.3,17.3,71.2,0.0,Medium,72.2,False,Average,1,1,0,462.0,Emma Martinez,Average
Male,55.162500000000016,27.7,72.1,1.0,Low,78.9,True,Average,1,0,1,,Henry Johnson,Average
Male,55.162500000000016,9.2,70.4,4.0,Low,67.5,True,Low,1,0,1,816.0,Elizabeth Brown,Average
Female,93.4,17.0,57.1,0.0,Low,69.5,False,Low,0,0,0,863.0,Michael Lewis,Low
Female,82.4,8.4,78.0,0.0,High,79.2,True,Average,0,2,1,,Harper Johnson,Average
Male,71.0,11.8,79.8,1.0,High,72.1,True,Average,1,2,1,202.0,Sofia Moore,Average
Male,82.5,11.9,67.5,0.0,Medium,76.0,False,Average,1,1,0,162.0,Evelyn Moore,Average
Male,87.5,7.8,100.0,0.0,Low,75.3,False,Average,1,0,0,730.0,Evelyn Brown,Average
Female,71.2,19.8,83.6,1.0,Low,74.6,False,Average,0,0,0,402.0,Emily Davis,Average
Male,95.0,16.2,81.4,0.0,Medium,90.6,True,High,1,1,1,703.0,,High
Female,81.7,5.4,89.4,1.0,Medium,73.3,True,Average,0,1,1,477.0,Elizabeth Moore,Average
Female,82.1,20.6,44.5,2.0,Low,56.3,False,Low,0,0,0,822.0,Evelyn Sanchez,Low
Male,81.8,25.1,83.5,1.0,Medium,85.1,True,High,1,1,1,,Charlotte Anderson,High
Male,75.7,10.4,95.1,1.0,High,85.2,True,High,1,2,1,106.0,Emily Garcia,High
Male,67.3,16.1,63.4,1.0,Medium,78.0,True,Average,1,1,1,566.0,Noah Thomas,Average
Female,88.6,21.9,65.3,0.0,High,78.7,False,Average,0,2,0,390.0,Emma Walker,Average
Male,81.8,8.1,74.5,2.0,Medium,72.7,False,Average,1,1,0,2.0,Emily Sanchez,Average
Male,81.8,13.9,66.0,0.0,High,70.1,False,Average,1,2,0,954.0,Benjamin Thomas,Average
Male,74.1,25.0,79.3,3.0,Low,87.2,False,High,1,0,0,562.0,Sarah Davis,High
Female,89.1,5.6,90.4,1.0,Low,70.3,False,Average,0,0,0,932.0,Daniel Moore,Average
Female,79.4,18.9,77.1,1.0,Medium,90.9,True,High,0,1,1,81.0,David Walker,Average
Female,75.0,16.7,56.0,0.0,Medium,76.9,True,Average,0,1,1,206.0,Noah Walker,Average
Female,78.5,22.5,92.3,0.0,High,91.8,True,High,0,2,1,35.0,Sebastian Johnson,High
Male,81.8,19.3,82.2,0.0,High,83.8,False,Average,1,2,0,776.0,David Brown,Average
Male,77.7,28.2,67.6,2.0,Medium,86.2,False,High,1,1,0,509.0,Ava Lewis,High
Male,84.0,16.8,70.0,0.0,Medium,80.1,False,Average,1,1,0,428.0,Jackson Walker,Average
Female,93.9,18.1,48.2,0.0,Low,63.2,True,Low,0,0,1,,Harper Lee,Low
Male,90.6,27.1,85.3,2.0,Medium,100.0,False,High,1,1,0,367.0,Lucas Martinez,High
Male,74.8,15.4,74.5,0.0,Medium,57.4,False,Low,1,1,0,92.0,Jackson Thomas,Low
Male,77.6,12.1,74.4,1.0,Low,69.9,False,Low,1,0,0,340.0,David Taylor,Low
Female,85.2,12.9,74.5,1.0,High,81.7,True,Average,0,2,1,898.0,Sarah Robinson,Average
Male,68.7,15.0,64.4,1.0,High,76.2,False,Average,1,2,0,565.0,Sebastian Martin,Average
Male,62.8,16.7,43.85,2.0,Medium,69.0,False,Low,1,1,0,346.0,Noah Allen,Low
Female,81.6,22.6,77.5,0.0,Medium,81.2,True,Average,0,1,1,777.0,Benjamin Martinez,Average
Female,77.1,9.3,64.3,2.0,High,79.4,True,Average,0,2,1,242.0,Harper Clark,Average
Female,59.4,19.5,81.6,4.0,High,83.1,False,Average,0,2,0,14.0,Matthew Martinez,Average
Male,85.0,31.8,63.8,0.0,Medium,85.5,False,High,1,1,0,316.0,Evelyn Rodriguez,High
Female,67.5,23.1,74.5,0.0,Medium,75.4,False,Average,0,1,0,601.0,Ethan Martinez,Average
Female,70.8,12.3,100.0,1.0,Medium,93.8,True,High,0,1,1,388.0,Jackson Martinez,High
Male,67.6,13.2,70.5,0.0,Low,72.1,False,Average,1,0,0,274.0,David White,Average
Male,58.6,24.1,75.6,2.0,Medium,83.5,True,Average,1,1,1,167.0,Sophia Smith,Average
Male,77.1,19.3,69.7,1.0,Medium,76.6,True,Average,1,1,1,841.0,Ava Taylor,Average
Female,96.0,20.6,46.0,1.0,Low,78.1,False,Average,0,0,0,647.0,,Average
Male,76.5,11.4,70.5,1.0,Medium,70.2,False,Average,1,1,0,819.0,Evelyn Jones,Average
Male,78.2,15.2,89.8,0.0,Low,65.8,False,Low,1,0,0,485.0,Mia Taylor,Average
Male,63.6,14.6,68.1,2.0,Medium,72.4,True,Average,1,1,1,999.0,David Rodriguez,Average
Male,74.7,16.2,72.1,2.0,Low,75.2,False,Average,1,0,0,505.0,Ava Lee,Average
Female,93.4,17.7,56.1,2.0,High,83.5,True,Average,0,2,1,832.0,Noah Young,Average
Male,58.7,23.1,65.6,1.0,High,75.9,False,Average,1,2,0,244.0,Evelyn Moore,Average
Female,87.7,20.4,67.3,0.0,High,77.7,False,Average,0,2,0,567.0,Liam Allen,Average
Female,82.8,14.3,64.7,1.0,Medium,77.0,True,Average,0,1,1,876.0,Amelia Brown,Average
Female,83.3,18.4,58.7,1.0,Medium,79.7,False,Average,0,1,0,563.0,,Average
Female,66.8,6.4,74.4,0.0,Medium,64.6,True,Low,0,1,1,971.0,,Low
Male,72.6,21.0,76.1,0.0,Medium,73.3,False,Average,1,1,0,687.0,Benjamin Taylor,Average
Male,75.7,21.7,78.7,0.0,High,87.9,True,High,1,2,1,958.0,Evelyn Jackson,High
Female,75.1,30.4,75.6,0.0,Low,78.6,True,Average,0,0,1,190.0,Sophia Smith,Average
Female,68.1,17.6,62.4,1.0,Medium,64.4,False,Low,0,1,0,783.0,Michael Smith,Low
Male,74.6,11.8,80.5,2.0,Medium,87.2,False,High,1,1,0,700.0,Alex Young,High
Male,81.8,0.45000000000000284,77.5,0.0,Medium,68.6,True,Low,1,1,1,476.0,Emily Martinez,Low
Male,78.7,32.05,100.0,1.0,High,100.0,True,High,1,2,1,682.0,Emma Smith,High
Male,79.6,22.2,56.2,1.0,High,65.5,True,Low,1,2,1,511.0,Charlotte Wilson,Low
Male,78.8,19.3,75.2,0.0,Medium,80.6,True,Average,1,1,1,59.0,,Average
Male,68.5,11.5,79.8,0.0,High,75.0,False,Average,1,2,0,475.0,Evelyn Allen,Average
Female,82.1,8.6,74.5,0.0,Medium,73.1,False,Average,0,1,0,561.0,Henry Rodriguez,Average
Female,79.1,15.0,82.4,0.0,High,77.1,True,Average,0,2,1,857.0,,Average
Female,86.4,17.9,85.7,0.0,Medium,81.9,True,Average,0,1,1,748.0,Sophia Anderson,Average
Male,88.4,15.6,73.2,1.0,Medium,71.2,True,Average,1,1,1,253.0,Olivia Williams,Average
Female,81.8,10.7,85.7,1.0,Medium,84.9,True,Average,0,1,1,22.0,Isabella Williams,Average
Male,99.1,15.0,74.5,3.0,Low,96.3,False,High,1,0,0,314.0,Ava Lewis,High
Male,67.3,21.5,79.7,0.0,High,87.8,True,High,1,2,1,460.0,Michael Jackson,High
Female,87.8,11.9,78.9,0.0,Medium,81.2,False,Average,0,1,0,161.0,,Average
Male,68.3,10.3,69.1,1.0,High,65.0,True,Low,1,2,1,277.0,Lucas Thompson,Low
Female,95.6,16.4,64.6,1.0,Medium,86.1,False,High,0,1,0,956.0,Ethan Taylor,High
Male,94.7,4.6,78.1,1.0,Low,77.4,False,Average,1,0,0,192.0,Ethan Rodriguez,Average
Female,61.6,9.7,47.0,1.0,Medium,70.0,True,Average,0,1,1,386.0,Michael Davis,Average
Female,89.9,18.4,69.3,0.0,Medium,78.2,False,Average,0,1,0,806.0,Emily Johnson,Average
Female,70.1,4.6,60.5,4.0,Medium,62.5,True,Low,0,1,1,414.0,Michael Clark,Average
Male,84.5,20.5,100.0,3.0,High,91.3,False,High,1,2,0,492.0,Sebastian Moore,High
Female,77.9,10.1,78.6,4.0,Medium,75.4,False,Average,0,1,0,344.0,Amelia Lee,Average
Female,84.8,16.2,85.9,2.0,Medium,81.6,True,Average,0,1,1,770.0,Isabella Garcia,Average
Male,72.8,21.0,86.1,0.0,Low,73.9,False,Average,1,0,0,309.0,Sophia Taylor,Average
Male,82.4,17.1,83.8,1.0,Low,86.7,False,High,1,0,0,662.0,Matthew Perez,High
Female,68.1,11.0,74.4,0.0,Medium,69.1,False,Low,0,1,0,131.0,Henry Taylor,Low
Male,82.7,19.3,79.3,2.0,High,93.2,False,High,1,2,0,664.0,Liam Martin,High
Female,66.5,15.8,60.7,2.0,High,81.2,False,Average,0,2,0,872.0,Liam Miller,Average
Male,80.5,24.9,65.1,2.0,Medium,84.6,False,Average,1,1,0,100.0,Emma Thomas,Average
Male,70.8,21.8,72.9,0.0,Low,82.8,False,Average,1,0,0,373.0,Benjamin Thomas,Average
Female,74.0,28.1,87.6,0.0,Medium,92.6,False,High,0,1,0,88.0,Sophia Allen,High
Male,78.8,9.9,77.7,0.0,Medium,63.8,True,Low,1,1,1,459.0,,Low
Male,65.4,24.9,69.3,0.0,Low,64.0,True,Low,1,0,1,331.0,Henry Thomas,Low
Male,79.7,14.6,58.7,1.0,Medium,78.2,False,Average,1,1,0,215.0,Matthew Williams,Average
Male,76.2,20.8,84.5,2.0,Medium,95.3,False,High,1,1,0,467.0,Emma Thompson,High
Female,80.5,21.8,99.7,1.0,Medium,91.8,True,High,0,1,1,122.0,Daniel Williams,High
Male,81.8,23.6,60.4,0.0,Medium,80.4,True,Average,1,1,1,615.0,Daniel Johnson,Average
Female,76.8,15.7,59.0,0.0,Medium,81.7,False,Average,0,1,0,,Amelia Davis,Average
Male,85.1,19.3,72.8,3.0,Medium,80.4,False,Average,1,1,0,72.0,Olivia Miller,Average
Female,70.4,17.2,83.6,4.0,Low,89.5,True,High,0,0,1,107.0,,High
Male,81.1,9.0,66.2,1.0,Medium,67.0,False,Low,1,1,0,271.0,Ava Anderson,Low
Male,86.2,6.4,66.4,2.0,Medium,75.6,False,Average,1,1,0,861.0,Charlotte Sanchez,Average
Female,76.2,8.7,55.8,1.0,Low,63.1,True,Low,0,0,1,436.0,Michael Brown,Low
Male,73.8,24.0,59.9,0.0,Medium,76.0,False,Average,1,1,0,103.0,Jackson Walker,Average
